{
	"info": {
		"_postman_id": "windows-gapless-complete-2025",
		"name": "Gapless Invoice Use Cases - Enhanced Windows Demo v3.0",
		"description": "Comprehensive demonstration of 7 use cases for gapless invoice number generation with configuration management - Enhanced Windows deployment edition",
		"schema": "https://schema.getpostman.com/json/collection/v2.1.0/collection.json"
	},
	"variable": [
		{
			"key": "base_url",
			"value": "http://localhost:5000",
			"type": "string"
		}
	],
	"item": [
		{
			"name": "System Health & Setup",
			"description": "Basic health checks and system initialization",
			"item": [
				{
					"name": "Application Health Check",
					"request": {
						"method": "GET",
						"header": [],
						"url": {
							"raw": "{{base_url}}/actuator/health",
							"host": ["{{base_url}}"],
							"path": ["actuator", "health"]
						}
					},
					"event": [
						{
							"listen": "test",
							"script": {
								"exec": [
									"pm.test(\"System health check passed\", function () {",
									"    pm.expect(pm.response.code).to.equal(200);",
									"    console.log('✅ Enhanced Windows POC System Health: OK');",
									"});"
								],
								"type": "text/javascript"
							}
						}
					],
					"response": []
				},
				{
					"name": "Sequence Service Health",
					"request": {
						"method": "GET",
						"header": [],
						"url": {
							"raw": "{{base_url}}/api/v1/sequence/health",
							"host": ["{{base_url}}"],
							"path": ["api", "v1", "sequence", "health"]
						}
					},
					"event": [
						{
							"listen": "test",
							"script": {
								"exec": [
									"pm.test(\"Sequence service healthy\", function () {",
									"    pm.expect(pm.response.code).to.equal(200);",
									"    console.log('✅ Sequence Service Health: OK');",
									"});"
								],
								"type": "text/javascript"
							}
						}
					],
					"response": []
				},
				{
					"name": "Load Enhanced Invoice Configuration",
					"request": {
						"method": "POST",
						"header": [
							{
								"key": "Content-Type",
								"value": "application/json"
							}
						],
						"body": {
							"mode": "raw",
							"raw": "{\n    \"invoiceTypes\": {\n        \"periodic\": {\n            \"displayName\": \"On-Cycle (Periodic)\",\n            \"strategy\": \"S1\",\n            \"description\": \"Regular billing cycle invoices\"\n        },\n        \"onDemand\": {\n            \"displayName\": \"On-Demand\",\n            \"strategy\": \"S2\",\n            \"description\": \"Ad-hoc billing invoices\"\n        },\n        \"offCycle\": {\n            \"displayName\": \"Off-Cycle\",\n            \"strategy\": \"S3\",\n            \"description\": \"Off-cycle billing invoices\"\n        },\n        \"simulation\": {\n            \"displayName\": \"Simulation\",\n            \"strategy\": \"S4\",\n            \"description\": \"Test and simulation invoices\"\n        },\n        \"suppressed\": {\n            \"displayName\": \"Suppressed\",\n            \"strategy\": \"S1\",\n            \"description\": \"Suppressed invoices (creates gaps)\"\n        }\n    },\n    \"strategies\": {\n        \"S1\": {\n            \"strategyName\": \"S1\",\n            \"prefix\": \"RE\",\n            \"minSequenceLength\": 9,\n            \"startingSequenceNumber\": 1000,\n            \"suffix\": \"\",\n            \"delimiter\": \"-\"\n        },\n        \"S2\": {\n            \"strategyName\": \"S2\",\n            \"prefix\": \"OD\",\n            \"minSequenceLength\": 9,\n            \"startingSequenceNumber\": 1000,\n            \"suffix\": \"\",\n            \"delimiter\": \"_\"\n        },\n        \"S3\": {\n            \"strategyName\": \"S3\",\n            \"prefix\": \"OFF\",\n            \"minSequenceLength\": 9,\n            \"startingSequenceNumber\": 1000,\n            \"suffix\": \"\",\n            \"delimiter\": \"-\"\n        },\n        \"S4\": {\n            \"strategyName\": \"S4\",\n            \"prefix\": \"SIM\",\n            \"minSequenceLength\": 9,\n            \"startingSequenceNumber\": 1000,\n            \"suffix\": \"T\",\n            \"delimiter\": \"-\"\n        }\n    },\n    \"sites\": {\n        \"US-EAST\": {\n            \"siteCode\": \"USE\",\n            \"partitionNumber\": 1,\n            \"partitions\": {\n                \"CORP-A\": 1,\n                \"CORP-B\": 2,\n                \"SMB-1\": 3\n            }\n        },\n        \"US-WEST\": {\n            \"siteCode\": \"USW\",\n            \"partitionNumber\": 2,\n            \"partitions\": {\n                \"CORP-C\": 1,\n                \"CORP-D\": 2,\n                \"SMB-2\": 3\n            }\n        },\n        \"EU-WEST\": {\n            \"siteCode\": \"EUW\",\n            \"partitionNumber\": 3,\n            \"partitions\": {\n                \"EU-CORP\": 1,\n                \"EU-SMB\": 2\n            }\n        },\n        \"APAC\": {\n            \"siteCode\": \"APC\",\n            \"partitionNumber\": 4,\n            \"partitions\": {\n                \"APAC-1\": 1,\n                \"APAC-2\": 2\n            }\n        },\n        \"LATAM\": {\n            \"siteCode\": \"LAT\",\n            \"partitionNumber\": 5,\n            \"partitions\": {\n                \"LATAM-CORP\": 1,\n                \"LATAM-SMB\": 2\n            }\n        }\n    },\n    \"partitionConfig\": {\n        \"delimiter\": \"-\",\n        \"totalSites\": 5,\n        \"includeSiteCode\": false,\n        \"includePartitionNumber\": true\n    }\n}"
						},
						"url": {
							"raw": "{{base_url}}/api/v1/config-file/update",
							"host": ["{{base_url}}"],
							"path": ["api", "v1", "config-file", "update"]
						}
					},
					"event": [
						{
							"listen": "test",
							"script": {
								"exec": [
									"pm.test(\"Enhanced invoice configuration loaded successfully\", function () {",
									"    pm.expect(pm.response.code).to.equal(200);",
									"    var result = pm.response.json();",
									"    pm.expect(result.success).to.equal(true);",
									"    console.log('✅ Enhanced Windows POC Configuration: Loaded with 4 strategies and 5 invoice types');",
									"});"
								],
								"type": "text/javascript"
							}
						}
					],
					"response": []
				}
			]
		},
		{
			"name": "Use Case 1: On-cycle Gapless (Single Site, Same Strategy)",
			"description": "Gapless Invoice Numbers in On-cycle billing in a single site deployment",
			"item": [
				{
					"name": "UC1: Get Current Configuration",
					"request": {
						"method": "GET",
						"header": [],
						"url": {
							"raw": "{{base_url}}/api/v1/config-file/current",
							"host": ["{{base_url}}"],
							"path": ["api", "v1", "config-file", "current"]
						}
					},
					"event": [
						{
							"listen": "test",
							"script": {
								"exec": [
									"pm.test(\"Configuration loaded for UC1\", function () {",
									"    pm.expect(pm.response.code).to.equal(200);",
									"    var config = pm.response.json();",
									"    pm.expect(config.invoiceTypes.periodic).to.exist;",
									"    console.log('UC1 - Current periodic strategy:', config.invoiceTypes.periodic.strategy);",
									"    console.log('UC1 - Strategy details:', JSON.stringify(config.strategies[config.invoiceTypes.periodic.strategy], null, 2));",
									"});"
								],
								"type": "text/javascript"
							}
						}
					],
					"response": []
				},
				{
					"name": "UC1: Generate First On-cycle Invoice",
					"request": {
						"method": "GET",
						"header": [],
						"url": {
							"raw": "{{base_url}}/api/v1/sequence/next?siteId=US-EAST&partitionId=CORP-A&invoiceType=periodic",
							"host": ["{{base_url}}"],
							"path": ["api", "v1", "sequence", "next"],
							"query": [
								{
									"key": "siteId",
									"value": "US-EAST"
								},
								{
									"key": "partitionId",
									"value": "CORP-A"
								},
								{
									"key": "invoiceType",
									"value": "periodic"
								}
							]
						}
					},
					"event": [
						{
							"listen": "test",
							"script": {
								"exec": [
									"pm.test(\"UC1: First on-cycle invoice generated\", function () {",
									"    var jsonData = pm.response.json();",
									"    pm.expect(jsonData.success).to.equal(true);",
									"    pm.globals.set('uc1_sequence_1', jsonData.sequenceNumbers[0]);",
									"    console.log('UC1 - First invoice:', jsonData.formattedSequenceNumbers[0]);",
									"});"
								],
								"type": "text/javascript"
							}
						}
					],
					"response": []
				},
				{
					"name": "UC1: Generate Second On-cycle Invoice (Gapless)",
					"request": {
						"method": "GET",
						"header": [],
						"url": {
							"raw": "{{base_url}}/api/v1/sequence/next?siteId=US-EAST&partitionId=CORP-A&invoiceType=periodic",
							"host": ["{{base_url}}"],
							"path": ["api", "v1", "sequence", "next"],
							"query": [
								{
									"key": "siteId",
									"value": "US-EAST"
								},
								{
									"key": "partitionId",
									"value": "CORP-A"
								},
								{
									"key": "invoiceType",
									"value": "periodic"
								}
							]
						}
					},
					"event": [
						{
							"listen": "test",
							"script": {
								"exec": [
									"pm.test(\"UC1: Gapless sequence verification\", function () {",
									"    var jsonData = pm.response.json();",
									"    var previousSequence = parseInt(pm.globals.get('uc1_sequence_1'));",
									"    var currentSequence = jsonData.sequenceNumbers[0];",
									"    ",
									"    pm.expect(currentSequence).to.equal(previousSequence + 1);",
									"    pm.expect(jsonData.gapFilled).to.equal(false);",
									"    ",
									"    console.log('✅ UC1 GAPLESS VERIFIED (Enhanced Windows POC):');",
									"    console.log('Previous sequence:', previousSequence);",
									"    console.log('Current sequence:', currentSequence);",
									"    console.log('Formatted:', jsonData.formattedSequenceNumbers[0]);",
									"});"
								],
								"type": "text/javascript"
							}
						}
					],
					"response": []
				},
				{
					"name": "UC1: Generate Bulk On-cycle Invoices (5 Gapless)",
					"request": {
						"method": "GET",
						"header": [],
						"url": {
							"raw": "{{base_url}}/api/v1/sequence/next?siteId=US-EAST&partitionId=CORP-A&invoiceType=periodic&count=5",
							"host": ["{{base_url}}"],
							"path": ["api", "v1", "sequence", "next"],
							"query": [
								{
									"key": "siteId",
									"value": "US-EAST"
								},
								{
									"key": "partitionId",
									"value": "CORP-A"
								},
								{
									"key": "invoiceType",
									"value": "periodic"
								},
								{
									"key": "count",
									"value": "5"
								}
							]
						}
					},
					"event": [
						{
							"listen": "test",
							"script": {
								"exec": [
									"pm.test(\"UC1: Bulk gapless sequences\", function () {",
									"    var jsonData = pm.response.json();",
									"    pm.expect(jsonData.sequenceCount).to.equal(5);",
									"    ",
									"    var sequences = jsonData.sequenceNumbers;",
									"    for (let i = 1; i < sequences.length; i++) {",
									"        pm.expect(sequences[i]).to.equal(sequences[i-1] + 1);",
									"    }",
									"    ",
									"    console.log('✅ UC1 BULK GAPLESS VERIFIED (Enhanced Windows POC):');",
									"    console.log('Generated sequences:', sequences);",
									"});"
								],
								"type": "text/javascript"
							}
						}
					],
					"response": []
				}
			]
		},
		{
			"name": "Use Case 2: On-cycle Gapless with Suppression",
			"description": "Testing gap creation through suppressed invoices and automatic gap filling",
			"item": [
				{
					"name": "UC2: Generate First On-cycle Invoice (Baseline)",
					"request": {
						"method": "GET",
						"header": [],
						"url": {
							"raw": "{{base_url}}/api/v1/sequence/next?siteId=US-WEST&partitionId=CORP-C&invoiceType=periodic",
							"host": ["{{base_url}}"],
							"path": ["api", "v1", "sequence", "next"],
							"query": [
								{
									"key": "siteId",
									"value": "US-WEST"
								},
								{
									"key": "partitionId",
									"value": "CORP-C"
								},
								{
									"key": "invoiceType",
									"value": "periodic"
								}
							]
						}
					},
					"event": [
						{
							"listen": "test",
							"script": {
								"exec": [
									"pm.test(\"UC2: Baseline invoice generated\", function () {",
									"    var jsonData = pm.response.json();",
									"    pm.expect(jsonData.success).to.equal(true);",
									"    pm.globals.set('uc2_baseline_sequence', jsonData.sequenceNumbers[0]);",
									"    console.log('UC2 - Baseline invoice:', jsonData.formattedSequenceNumbers[0]);",
									"});"
								],
								"type": "text/javascript"
							}
						}
					],
					"response": []
				},
				{
					"name": "UC2: Generate Suppressed Invoice (Creates Gap)",
					"request": {
						"method": "GET",
						"header": [],
						"url": {
							"raw": "{{base_url}}/api/v1/sequence/next?siteId=US-WEST&partitionId=CORP-C&invoiceType=suppressed",
							"host": ["{{base_url}}"],
							"path": ["api", "v1", "sequence", "next"],
							"query": [
								{
									"key": "siteId",
									"value": "US-WEST"
								},
								{
									"key": "partitionId",
									"value": "CORP-C"
								},
								{
									"key": "invoiceType",
									"value": "suppressed"
								}
							]
						}
					},
					"event": [
						{
							"listen": "test",
							"script": {
								"exec": [
									"pm.test(\"UC2: Suppressed invoice creates gap\", function () {",
									"    var jsonData = pm.response.json();",
									"    pm.expect(jsonData.success).to.equal(true);",
									"    pm.globals.set('uc2_suppressed_sequence', jsonData.sequenceNumbers[0]);",
									"    console.log('UC2 - Suppressed invoice (creates gap):', jsonData.formattedSequenceNumbers[0]);",
									"    console.log('Gap will be available for filling:', jsonData.sequenceNumbers[0]);",
									"});"
								],
								"type": "text/javascript"
							}
						}
					],
					"response": []
				},
				{
					"name": "UC2: Release Suppressed Sequence (Make Gap Available)",
					"request": {
						"method": "POST",
						"header": [
							{
								"key": "Content-Type",
								"value": "application/json"
							}
						],
						"body": {
							"mode": "raw",
							"raw": "{\n  \"sequenceNumber\": {{uc2_suppressed_sequence}},\n  \"siteId\": \"US-WEST\",\n  \"partitionId\": \"CORP-C\",\n  \"reason\": \"suppressed-invoice-gap-creation\"\n}"
						},
						"url": {
							"raw": "{{base_url}}/api/v1/sequence/release",
							"host": ["{{base_url}}"],
							"path": ["api", "v1", "sequence", "release"]
						}
					},
					"event": [
						{
							"listen": "test",
							"script": {
								"exec": [
									"pm.test(\"UC2: Gap created from suppressed invoice\", function () {",
									"    pm.expect(pm.response.code).to.equal(200);",
									"    console.log('✅ UC2 GAP CREATED: Sequence', pm.globals.get('uc2_suppressed_sequence'), 'released');",
									"});"
								],
								"type": "text/javascript"
							}
						}
					],
					"response": []
				},
				{
					"name": "UC2: Check Available Gaps",
					"request": {
						"method": "GET",
						"header": [],
						"url": {
							"raw": "{{base_url}}/api/v1/sequence/gaps",
							"host": ["{{base_url}}"],
							"path": ["api", "v1", "sequence", "gaps"]
						}
					},
					"event": [
						{
							"listen": "test",
							"script": {
								"exec": [
									"pm.test(\"UC2: Gaps available for filling\", function () {",
									"    var jsonData = pm.response.json();",
									"    console.log('UC2 - Available gaps:', JSON.stringify(jsonData, null, 2));",
									"    pm.expect(jsonData.length).to.be.greaterThan(0);",
									"});"
								],
								"type": "text/javascript"
							}
						}
					],
					"response": []
				},
				{
					"name": "UC2: Generate Next On-cycle Invoice (Fills Gap)",
					"request": {
						"method": "GET",
						"header": [],
						"url": {
							"raw": "{{base_url}}/api/v1/sequence/next?siteId=US-WEST&partitionId=CORP-C&invoiceType=periodic",
							"host": ["{{base_url}}"],
							"path": ["api", "v1", "sequence", "next"],
							"query": [
								{
									"key": "siteId",
									"value": "US-WEST"
								},
								{
									"key": "partitionId",
									"value": "CORP-C"
								},
								{
									"key": "invoiceType",
									"value": "periodic"
								}
							]
						}
					},
					"event": [
						{
							"listen": "test",
							"script": {
								"exec": [
									"pm.test(\"UC2: Gap filled successfully\", function () {",
									"    var jsonData = pm.response.json();",
									"    if (jsonData.gapFilled) {",
									"        console.log('✅ UC2 GAP FILLED (Enhanced Windows POC):');",
									"        console.log('Gap sequence used:', jsonData.sequenceNumbers[0]);",
									"        console.log('Gapless integrity maintained!');",
									"        pm.expect(jsonData.sequenceNumbers[0]).to.equal(parseInt(pm.globals.get('uc2_suppressed_sequence')));",
									"    } else {",
									"        console.log('UC2 - No gap filled, normal sequence:', jsonData.sequenceNumbers[0]);",
									"    }",
									"});"
								],
								"type": "text/javascript"
							}
						}
					],
					"response": []
				}
			]
		},
		{
			"name": "Use Case 3: Off-cycle Same Strategy as On-cycle",
			"description": "Off-cycle invoices using the same numbering strategy as on-cycle",
			"item": [
				{
					"name": "UC3: Generate On-cycle Invoice (Baseline)",
					"request": {
						"method": "GET",
						"header": [],
						"url": {
							"raw": "{{base_url}}/api/v1/sequence/next?siteId=EU-WEST&partitionId=EU-CORP&invoiceType=periodic",
							"host": ["{{base_url}}"],
							"path": ["api", "v1", "sequence", "next"],
							"query": [
								{
									"key": "siteId",
									"value": "EU-WEST"
								},
								{
									"key": "partitionId",
									"value": "EU-CORP"
								},
								{
									"key": "invoiceType",
									"value": "periodic"
								}
							]
						}
					},
					"event": [
						{
							"listen": "test",
							"script": {
								"exec": [
									"pm.test(\"UC3: On-cycle baseline generated\", function () {",
									"    var jsonData = pm.response.json();",
									"    pm.expect(jsonData.success).to.equal(true);",
									"    pm.globals.set('uc3_oncycle_sequence', jsonData.sequenceNumbers[0]);",
									"    console.log('UC3 - On-cycle baseline:', jsonData.formattedSequenceNumbers[0]);",
									"});"
								],
								"type": "text/javascript"
							}
						}
					],
					"response": []
				},
				{
					"name": "UC3: Update Configuration for Same Strategy",
					"request": {
						"method": "POST",
						"header": [
							{
								"key": "Content-Type",
								"value": "application/json"
							}
						],
						"body": {
							"mode": "raw",
							"raw": "{\n    \"invoiceTypes\": {\n        \"periodic\": {\n            \"displayName\": \"On-Cycle (Periodic)\",\n            \"strategy\": \"S1\",\n            \"description\": \"Regular billing cycle invoices\"\n        },\n        \"offCycle\": {\n            \"displayName\": \"Off-Cycle (Same Strategy)\",\n            \"strategy\": \"S1\",\n            \"description\": \"Off-cycle billing using same strategy as on-cycle\"\n        }\n    }\n}"
						},
						"url": {
							"raw": "{{base_url}}/api/v1/config-file/update",
							"host": ["{{base_url}}"],
							"path": ["api", "v1", "config-file", "update"]
						}
					},
					"event": [
						{
							"listen": "test",
							"script": {
								"exec": [
									"pm.test(\"UC3: Configuration updated for same strategy\", function () {",
									"    pm.expect(pm.response.code).to.equal(200);",
									"    var result = pm.response.json();",
									"    pm.expect(result.success).to.equal(true);",
									"    console.log('✅ UC3 Configuration: Off-cycle uses same strategy as on-cycle (S1)');",
									"});"
								],
								"type": "text/javascript"
							}
						}
					],
					"response": []
				},
				{
					"name": "UC3: Generate Off-cycle Invoice (Same Strategy)",
					"request": {
						"method": "GET",
						"header": [],
						"url": {
							"raw": "{{base_url}}/api/v1/sequence/next?siteId=EU-WEST&partitionId=EU-CORP&invoiceType=offCycle",
							"host": ["{{base_url}}"],
							"path": ["api", "v1", "sequence", "next"],
							"query": [
								{
									"key": "siteId",
									"value": "EU-WEST"
								},
								{
									"key": "partitionId",
									"value": "EU-CORP"
								},
								{
									"key": "invoiceType",
									"value": "offCycle"
								}
							]
						}
					},
					"event": [
						{
							"listen": "test",
							"script": {
								"exec": [
									"pm.test(\"UC3: Off-cycle same strategy verification\", function () {",
									"    var jsonData = pm.response.json();",
									"    pm.expect(jsonData.success).to.equal(true);",
									"    var previousSequence = parseInt(pm.globals.get('uc3_oncycle_sequence'));",
									"    var currentSequence = jsonData.sequenceNumbers[0];",
									"    ",
									"    // Should be consecutive since same strategy",
									"    pm.expect(currentSequence).to.equal(previousSequence + 1);",
									"    pm.expect(jsonData.formattedSequenceNumbers[0]).to.contain('RE-');",
									"    ",
									"    console.log('✅ UC3 SAME STRATEGY VERIFIED:');",
									"    console.log('On-cycle sequence:', previousSequence);",
									"    console.log('Off-cycle sequence:', currentSequence);",
									"    console.log('Both use strategy S1 (RE- prefix)');",
									"    pm.globals.set('uc3_offcycle_sequence', currentSequence);",
									"});"
								],
								"type": "text/javascript"
							}
						}
					],
					"response": []
				},
				{
					"name": "UC3: Mixed On/Off-cycle Sequence (Gapless)",
					"request": {
						"method": "GET",
						"header": [],
						"url": {
							"raw": "{{base_url}}/api/v1/sequence/next?siteId=EU-WEST&partitionId=EU-CORP&invoiceType=periodic",
							"host": ["{{base_url}}"],
							"path": ["api", "v1", "sequence", "next"],
							"query": [
								{
									"key": "siteId",
									"value": "EU-WEST"
								},
								{
									"key": "partitionId",
									"value": "EU-CORP"
								},
								{
									"key": "invoiceType",
									"value": "periodic"
								}
							]
						}
					},
					"event": [
						{
							"listen": "test",
							"script": {
								"exec": [
									"pm.test(\"UC3: Mixed sequence gapless verification\", function () {",
									"    var jsonData = pm.response.json();",
									"    var previousOffCycle = parseInt(pm.globals.get('uc3_offcycle_sequence'));",
									"    var currentOnCycle = jsonData.sequenceNumbers[0];",
									"    ",
									"    pm.expect(currentOnCycle).to.equal(previousOffCycle + 1);",
									"    ",
									"    console.log('✅ UC3 MIXED SEQUENCE GAPLESS (Enhanced Windows POC):');",
									"    console.log('Previous off-cycle:', previousOffCycle);",
									"    console.log('Current on-cycle:', currentOnCycle);",
									"    console.log('Perfect gapless sequence maintained across invoice types!');",
									"});"
								],
								"type": "text/javascript"
							}
						}
					],
					"response": []
				}
			]
		},
		{
			"name": "Use Case 4: Off-cycle Different Strategy than On-cycle",
			"description": "Off-cycle invoices using different numbering strategy than on-cycle",
			"item": [
				{
					"name": "UC4: Update Configuration for Different Strategies",
					"request": {
						"method": "POST",
						"header": [
							{
								"key": "Content-Type",
								"value": "application/json"
							}
						],
						"body": {
							"mode": "raw",
							"raw": "{\n    \"invoiceTypes\": {\n        \"periodic\": {\n            \"displayName\": \"On-Cycle (Periodic)\",\n            \"strategy\": \"S1\",\n            \"description\": \"Regular billing cycle invoices using Strategy A\"\n        },\n        \"offCycle\": {\n            \"displayName\": \"Off-Cycle (Different Strategy)\",\n            \"strategy\": \"S3\",\n            \"description\": \"Off-cycle billing using different strategy\"\n        }\n    }\n}"
						},
						"url": {
							"raw": "{{base_url}}/api/v1/config-file/update",
							"host": ["{{base_url}}"],
							"path": ["api", "v1", "config-file", "update"]
						}
					},
					"event": [
						{
							"listen": "test",
							"script": {
								"exec": [
									"pm.test(\"UC4: Configuration updated for different strategies\", function () {",
									"    pm.expect(pm.response.code).to.equal(200);",
									"    var result = pm.response.json();",
									"    pm.expect(result.success).to.equal(true);",
									"    console.log('✅ UC4 Configuration: On-cycle uses S1, Off-cycle uses S3');",
									"});"
								],
								"type": "text/javascript"
							}
						}
					],
					"response": []
				},
				{
					"name": "UC4: Generate On-cycle Invoice (Strategy S1)",
					"request": {
						"method": "GET",
						"header": [],
						"url": {
							"raw": "{{base_url}}/api/v1/sequence/next?siteId=APAC&partitionId=APAC-1&invoiceType=periodic",
							"host": ["{{base_url}}"],
							"path": ["api", "v1", "sequence", "next"],
							"query": [
								{
									"key": "siteId",
									"value": "APAC"
								},
								{
									"key": "partitionId",
									"value": "APAC-1"
								},
								{
									"key": "invoiceType",
									"value": "periodic"
								}
							]
						}
					},
					"event": [
						{
							"listen": "test",
							"script": {
								"exec": [
									"pm.test(\"UC4: On-cycle Strategy S1 generated\", function () {",
									"    var jsonData = pm.response.json();",
									"    pm.expect(jsonData.success).to.equal(true);",
									"    pm.expect(jsonData.formattedSequenceNumbers[0]).to.contain('RE-');",
									"    pm.globals.set('uc4_oncycle_s1', jsonData.sequenceNumbers[0]);",
									"    console.log('UC4 - On-cycle (S1):', jsonData.formattedSequenceNumbers[0]);",
									"});"
								],
								"type": "text/javascript"
							}
						}
					],
					"response": []
				},
				{
					"name": "UC4: Generate Off-cycle Invoice (Strategy S3)",
					"request": {
						"method": "GET",
						"header": [],
						"url": {
							"raw": "{{base_url}}/api/v1/sequence/next?siteId=APAC&partitionId=APAC-1&invoiceType=offCycle",
							"host": ["{{base_url}}"],
							"path": ["api", "v1", "sequence", "next"],
							"query": [
								{
									"key": "siteId",
									"value": "APAC"
								},
								{
									"key": "partitionId",
									"value": "APAC-1"
								},
								{
									"key": "invoiceType",
									"value": "offCycle"
								}
							]
						}
					},
					"event": [
						{
							"listen": "test",
							"script": {
								"exec": [
									"pm.test(\"UC4: Off-cycle Strategy S3 generated\", function () {",
									"    var jsonData = pm.response.json();",
									"    pm.expect(jsonData.success).to.equal(true);",
									"    pm.expect(jsonData.formattedSequenceNumbers[0]).to.contain('OFF-');",
									"    pm.globals.set('uc4_offcycle_s3', jsonData.sequenceNumbers[0]);",
									"    console.log('UC4 - Off-cycle (S3):', jsonData.formattedSequenceNumbers[0]);",
									"});"
								],
								"type": "text/javascript"
							}
						}
					],
					"response": []
				},
				{
					"name": "UC4: Verify Gapless Despite Different Formats",
					"request": {
						"method": "GET",
						"header": [],
						"url": {
							"raw": "{{base_url}}/api/v1/sequence/next?siteId=APAC&partitionId=APAC-1&invoiceType=periodic",
							"host": ["{{base_url}}"],
							"path": ["api", "v1", "sequence", "next"],
							"query": [
								{
									"key": "siteId",
									"value": "APAC"
								},
								{
									"key": "partitionId",
									"value": "APAC-1"
								},
								{
									"key": "invoiceType",
									"value": "periodic"
								}
							]
						}
					},
					"event": [
						{
							"listen": "test",
							"script": {
								"exec": [
									"pm.test(\"UC4: Gapless despite different strategies\", function () {",
									"    var jsonData = pm.response.json();",
									"    var previousOffCycle = parseInt(pm.globals.get('uc4_offcycle_s3'));",
									"    var currentOnCycle = jsonData.sequenceNumbers[0];",
									"    ",
									"    // Sequence numbers should be consecutive despite different formats",
									"    pm.expect(currentOnCycle).to.equal(previousOffCycle + 1);",
									"    ",
									"    console.log('✅ UC4 DIFFERENT STRATEGIES GAPLESS (Enhanced Windows POC):');",
									"    console.log('Previous off-cycle (S3):', previousOffCycle, '(OFF- format)');",
									"    console.log('Current on-cycle (S1):', currentOnCycle, '(RE- format)');",
									"    console.log('Different formats, same gapless sequence!');",
									"});"
								],
								"type": "text/javascript"
							}
						}
					],
					"response": []
				}
			]
		},
		{
			"name": "Use Case 5: Simulation Same Strategy as On-cycle",
			"description": "Simulation invoices using the same strategy as on-cycle",
			"item": [
				{
					"name": "UC5: Update Configuration for Simulation Same Strategy",
					"request": {
						"method": "POST",
						"header": [
							{
								"key": "Content-Type",
								"value": "application/json"
							}
						],
						"body": {
							"mode": "raw",
							"raw": "{\n    \"invoiceTypes\": {\n        \"periodic\": {\n            \"displayName\": \"On-Cycle (Periodic)\",\n            \"strategy\": \"S1\",\n            \"description\": \"Regular billing cycle invoices\"\n        },\n        \"simulation\": {\n            \"displayName\": \"Simulation (Same Strategy)\",\n            \"strategy\": \"S1\",\n            \"description\": \"Test simulations using same strategy as production\"\n        }\n    }\n}"
						},
						"url": {
							"raw": "{{base_url}}/api/v1/config-file/update",
							"host": ["{{base_url}}"],
							"path": ["api", "v1", "config-file", "update"]
						}
					},
					"event": [
						{
							"listen": "test",
							"script": {
								"exec": [
									"pm.test(\"UC5: Configuration updated for simulation same strategy\", function () {",
									"    pm.expect(pm.response.code).to.equal(200);",
									"    var result = pm.response.json();",
									"    pm.expect(result.success).to.equal(true);",
									"    console.log('✅ UC5 Configuration: Simulation uses same strategy as on-cycle (S1)');",
									"});"
								],
								"type": "text/javascript"
							}
						}
					],
					"response": []
				},
				{
					"name": "UC5: Generate Production On-cycle Invoice",
					"request": {
						"method": "GET",
						"header": [],
						"url": {
							"raw": "{{base_url}}/api/v1/sequence/next?siteId=LATAM&partitionId=LATAM-CORP&invoiceType=periodic",
							"host": ["{{base_url}}"],
							"path": ["api", "v1", "sequence", "next"],
							"query": [
								{
									"key": "siteId",
									"value": "LATAM"
								},
								{
									"key": "partitionId",
									"value": "LATAM-CORP"
								},
								{
									"key": "invoiceType",
									"value": "periodic"
								}
							]
						}
					},
					"event": [
						{
							"listen": "test",
							"script": {
								"exec": [
									"pm.test(\"UC5: Production invoice generated\", function () {",
									"    var jsonData = pm.response.json();",
									"    pm.expect(jsonData.success).to.equal(true);",
									"    pm.globals.set('uc5_production_sequence', jsonData.sequenceNumbers[0]);",
									"    console.log('UC5 - Production invoice:', jsonData.formattedSequenceNumbers[0]);",
									"});"
								],
								"type": "text/javascript"
							}
						}
					],
					"response": []
				},
				{
					"name": "UC5: Generate Simulation Invoice (Same Strategy)",
					"request": {
						"method": "GET",
						"header": [],
						"url": {
							"raw": "{{base_url}}/api/v1/sequence/next?siteId=LATAM&partitionId=LATAM-CORP&invoiceType=simulation",
							"host": ["{{base_url}}"],
							"path": ["api", "v1", "sequence", "next"],
							"query": [
								{
									"key": "siteId",
									"value": "LATAM"
								},
								{
									"key": "partitionId",
									"value": "LATAM-CORP"
								},
								{
									"key": "invoiceType",
									"value": "simulation"
								}
							]
						}
					},
					"event": [
						{
							"listen": "test",
							"script": {
								"exec": [
									"pm.test(\"UC5: Simulation same strategy verification\", function () {",
									"    var jsonData = pm.response.json();",
									"    pm.expect(jsonData.success).to.equal(true);",
									"    var previousProd = parseInt(pm.globals.get('uc5_production_sequence'));",
									"    var currentSim = jsonData.sequenceNumbers[0];",
									"    ",
									"    pm.expect(currentSim).to.equal(previousProd + 1);",
									"    pm.expect(jsonData.formattedSequenceNumbers[0]).to.contain('RE-');",
									"    ",
									"    console.log('✅ UC5 SIMULATION SAME STRATEGY (Enhanced Windows POC):');",
									"    console.log('Production sequence:', previousProd);",
									"    console.log('Simulation sequence:', currentSim);",
									"    console.log('Both use identical formatting (S1 strategy)');",
									"});"
								],
								"type": "text/javascript"
							}
						}
					],
					"response": []
				}
			]
		},
		{
			"name": "Use Case 6: Simulation Different Strategy than On/Off-cycle",
			"description": "Simulation invoices using distinct strategy with special formatting",
			"item": [
				{
					"name": "UC6: Update Configuration for Simulation Different Strategy",
					"request": {
						"method": "POST",
						"header": [
							{
								"key": "Content-Type",
								"value": "application/json"
							}
						],
						"body": {
							"mode": "raw",
							"raw": "{\n    \"invoiceTypes\": {\n        \"periodic\": {\n            \"displayName\": \"On-Cycle (Periodic)\",\n            \"strategy\": \"S1\",\n            \"description\": \"Regular billing cycle invoices\"\n        },\n        \"offCycle\": {\n            \"displayName\": \"Off-Cycle\",\n            \"strategy\": \"S3\",\n            \"description\": \"Off-cycle billing invoices\"\n        },\n        \"simulation\": {\n            \"displayName\": \"Simulation (Different Strategy)\",\n            \"strategy\": \"S4\",\n            \"description\": \"Test simulations with distinct formatting\"\n        }\n    }\n}"
						},
						"url": {
							"raw": "{{base_url}}/api/v1/config-file/update",
							"host": ["{{base_url}}"],
							"path": ["api", "v1", "config-file", "update"]
						}
					},
					"event": [
						{
							"listen": "test",
							"script": {
								"exec": [
									"pm.test(\"UC6: Configuration updated for simulation different strategy\", function () {",
									"    pm.expect(pm.response.code).to.equal(200);",
									"    var result = pm.response.json();",
									"    pm.expect(result.success).to.equal(true);",
									"    console.log('✅ UC6 Configuration: On-cycle(S1), Off-cycle(S3), Simulation(S4)');",
									"});"
								],
								"type": "text/javascript"
							}
						}
					],
					"response": []
				},
				{
					"name": "UC6: Generate On-cycle Invoice (S1)",
					"request": {
						"method": "GET",
						"header": [],
						"url": {
							"raw": "{{base_url}}/api/v1/sequence/next?siteId=US-EAST&partitionId=SMB-1&invoiceType=periodic",
							"host": ["{{base_url}}"],
							"path": ["api", "v1", "sequence", "next"],
							"query": [
								{
									"key": "siteId",
									"value": "US-EAST"
								},
								{
									"key": "partitionId",
									"value": "SMB-1"
								},
								{
									"key": "invoiceType",
									"value": "periodic"
								}
							]
						}
					},
					"event": [
						{
							"listen": "test",
							"script": {
								"exec": [
									"pm.test(\"UC6: On-cycle invoice (S1) generated\", function () {",
									"    var jsonData = pm.response.json();",
									"    pm.expect(jsonData.success).to.equal(true);",
									"    pm.globals.set('uc6_oncycle_s1', jsonData.sequenceNumbers[0]);",
									"    console.log('UC6 - On-cycle (S1):', jsonData.formattedSequenceNumbers[0]);",
									"});"
								],
								"type": "text/javascript"
							}
						}
					],
					"response": []
				},
				{
					"name": "UC6: Generate Off-cycle Invoice (S3)",
					"request": {
						"method": "GET",
						"header": [],
						"url": {
							"raw": "{{base_url}}/api/v1/sequence/next?siteId=US-EAST&partitionId=SMB-1&invoiceType=offCycle",
							"host": ["{{base_url}}"],
							"path": ["api", "v1", "sequence", "next"],
							"query": [
								{
									"key": "siteId",
									"value": "US-EAST"
								},
								{
									"key": "partitionId",
									"value": "SMB-1"
								},
								{
									"key": "invoiceType",
									"value": "offCycle"
								}
							]
						}
					},
					"event": [
						{
							"listen": "test",
							"script": {
								"exec": [
									"pm.test(\"UC6: Off-cycle invoice (S3) generated\", function () {",
									"    var jsonData = pm.response.json();",
									"    pm.expect(jsonData.success).to.equal(true);",
									"    pm.globals.set('uc6_offcycle_s3', jsonData.sequenceNumbers[0]);",
									"    console.log('UC6 - Off-cycle (S3):', jsonData.formattedSequenceNumbers[0]);",
									"});"
								],
								"type": "text/javascript"
							}
						}
					],
					"response": []
				},
				{
					"name": "UC6: Generate Simulation Invoice (S4 - Distinct Format)",
					"request": {
						"method": "GET",
						"header": [],
						"url": {
							"raw": "{{base_url}}/api/v1/sequence/next?siteId=US-EAST&partitionId=SMB-1&invoiceType=simulation",
							"host": ["{{base_url}}"],
							"path": ["api", "v1", "sequence", "next"],
							"query": [
								{
									"key": "siteId",
									"value": "US-EAST"
								},
								{
									"key": "partitionId",
									"value": "SMB-1"
								},
								{
									"key": "invoiceType",
									"value": "simulation"
								}
							]
						}
					},
					"event": [
						{
							"listen": "test",
							"script": {
								"exec": [
									"pm.test(\"UC6: Simulation distinct strategy verification\", function () {",
									"    var jsonData = pm.response.json();",
									"    pm.expect(jsonData.success).to.equal(true);",
									"    var previousOffCycle = parseInt(pm.globals.get('uc6_offcycle_s3'));",
									"    var currentSim = jsonData.sequenceNumbers[0];",
									"    ",
									"    pm.expect(currentSim).to.equal(previousOffCycle + 1);",
									"    pm.expect(jsonData.formattedSequenceNumbers[0]).to.contain('SIM-');",
									"    pm.expect(jsonData.formattedSequenceNumbers[0]).to.contain('T');",
									"    ",
									"    console.log('✅ UC6 SIMULATION DISTINCT STRATEGY (Enhanced Windows POC):');",
									"    console.log('Previous off-cycle (S3):', previousOffCycle);",
									"    console.log('Current simulation (S4):', currentSim);",
									"    console.log('Simulation format (SIM-...T):', jsonData.formattedSequenceNumbers[0]);",
									"    console.log('Three different formats, one gapless sequence!');",
									"});"
								],
								"type": "text/javascript"
							}
						}
					],
					"response": []
				}
			]
		},
		{
			"name": "Use Case 7: Daily Summary Report by Site and Invoice Type",
			"description": "NEW: Comprehensive daily summary of all sequences generated by site and invoice type",
			"item": [
				{
					"name": "UC7: Get Daily Summary by Site and Invoice Type",
					"request": {
						"method": "GET",
						"header": [],
						"url": {
							"raw": "{{base_url}}/api/v1/sequence/audit?limit=1000",
							"host": ["{{base_url}}"],
							"path": ["api", "v1", "sequence", "audit"],
							"query": [
								{
									"key": "limit",
									"value": "1000"
								}
							]
						}
					},
					"event": [
						{
							"listen": "test",
							"script": {
								"exec": [
									"pm.test(\"UC7: Daily summary data retrieved\", function () {",
									"    var auditData = pm.response.json();",
									"    pm.expect(auditData).to.be.an('array');",
									"    ",
									"    // Process audit data to create summary",
									"    var siteSummary = {};",
									"    var invoiceTypeSummary = {};",
									"    var formattedSequences = [];",
									"    ",
									"    auditData.forEach(function(record) {",
									"        if (record.action === 'GENERATE') {",
									"            var siteId = record.siteId || 'UNKNOWN';",
									"            var invoiceType = record.details ? record.details.split(' ')[0] : 'UNKNOWN';",
									"            var sequenceNumber = record.sequenceNumber;",
									"            var formattedNumber = record.formattedNumber || record.sequenceNumber;",
									"            ",
									"            // Site summary",
									"            if (!siteSummary[siteId]) {",
									"                siteSummary[siteId] = { count: 0, sequences: [], types: {} };",
									"            }",
									"            siteSummary[siteId].count++;",
									"            siteSummary[siteId].sequences.push(formattedNumber);",
									"            ",
									"            // Invoice type per site",
									"            if (!siteSummary[siteId].types[invoiceType]) {",
									"                siteSummary[siteId].types[invoiceType] = 0;",
									"            }",
									"            siteSummary[siteId].types[invoiceType]++;",
									"            ",
									"            // Global invoice type summary",
									"            if (!invoiceTypeSummary[invoiceType]) {",
									"                invoiceTypeSummary[invoiceType] = { count: 0, sequences: [] };",
									"            }",
									"            invoiceTypeSummary[invoiceType].count++;",
									"            invoiceTypeSummary[invoiceType].sequences.push(formattedNumber);",
									"            ",
									"            formattedSequences.push({",
									"                site: siteId,",
									"                type: invoiceType,",
									"                sequence: sequenceNumber,",
									"                formatted: formattedNumber,",
									"                timestamp: record.timestamp",
									"            });",
									"        }",
									"    });",
									"    ",
									"    console.log('\\n=== UC7: DAILY SUMMARY REPORT (Enhanced Windows POC) ===');",
									"    console.log('Total sequences generated:', formattedSequences.length);",
									"    ",
									"    console.log('\\n📊 SUMMARY BY SITE:');",
									"    Object.keys(siteSummary).forEach(function(site) {",
									"        var siteData = siteSummary[site];",
									"        console.log(`${site}: ${siteData.count} sequences`);",
									"        Object.keys(siteData.types).forEach(function(type) {",
									"            console.log(`  - ${type}: ${siteData.types[type]} sequences`);",
									"        });",
									"    });",
									"    ",
									"    console.log('\\n📈 SUMMARY BY INVOICE TYPE:');",
									"    Object.keys(invoiceTypeSummary).forEach(function(type) {",
									"        var typeData = invoiceTypeSummary[type];",
									"        console.log(`${type}: ${typeData.count} sequences`);",
									"        if (typeData.sequences.length > 0) {",
									"            console.log(`  Sample: ${typeData.sequences.slice(0, 3).join(', ')}${typeData.sequences.length > 3 ? '...' : ''}`);",
									"        }",
									"    });",
									"    ",
									"    console.log('\\n📋 ALL FORMATTED SEQUENCES:');",
									"    formattedSequences.slice(-10).forEach(function(seq, index) {",
									"        console.log(`${formattedSequences.length - 10 + index + 1}. [${seq.site}] ${seq.type}: ${seq.formatted}`);",
									"    });",
									"    ",
									"    if (formattedSequences.length > 10) {",
									"        console.log(`... and ${formattedSequences.length - 10} more sequences`);",
									"    }",
									"    ",
									"    console.log('\\n✅ UC7 DAILY SUMMARY COMPLETE');",
									"    ",
									"    // Store summary data for potential follow-up requests",
									"    pm.globals.set('daily_summary_sites', JSON.stringify(siteSummary));",
									"    pm.globals.set('daily_summary_types', JSON.stringify(invoiceTypeSummary));",
									"});"
								],
								"type": "text/javascript"
							}
						}
					],
					"response": []
				},
				{
					"name": "UC7: Export Summary Statistics",
					"request": {
						"method": "GET",
						"header": [],
						"url": {
							"raw": "{{base_url}}/api/v1/sequence/stats",
							"host": ["{{base_url}}"],
							"path": ["api", "v1", "sequence", "stats"]
						}
					},
					"event": [
						{
							"listen": "test",
							"script": {
								"exec": [
									"pm.test(\"UC7: System statistics exported\", function () {",
									"    var stats = pm.response.json();",
									"    ",
									"    console.log('\\n=== UC7: SYSTEM STATISTICS EXPORT ===');",
									"    console.log('Current Counter:', stats.currentCounter);",
									"    console.log('Total Generated:', stats.totalGenerated);",
									"    console.log('System Healthy:', stats.systemHealthy);",
									"    console.log('Average Latency:', stats.averageLatencyMs + 'ms');",
									"    ",
									"    if (stats.requestsPerSecond) {",
									"        console.log('Throughput:', stats.requestsPerSecond + ' req/sec');",
									"    }",
									"    ",
									"    console.log('\\n💾 EXPORT DATA:');",
									"    console.log('- Summary can be exported for reporting');",
									"    console.log('- Statistics available for monitoring');",
									"    console.log('- All data ready for dashboard integration');",
									"    ",
									"    console.log('\\n✅ UC7 STATISTICS EXPORT COMPLETE');",
									"});"
								],
								"type": "text/javascript"
							}
						}
					],
					"response": []
				},
				{
					"name": "UC7: Validate Sequence Integrity",
					"request": {
						"method": "GET",
						"header": [],
						"url": {
							"raw": "{{base_url}}/api/v1/sequence/validate",
							"host": ["{{base_url}}"],
							"path": ["api", "v1", "sequence", "validate"]
						}
					},
					"event": [
						{
							"listen": "test",
							"script": {
								"exec": [
									"pm.test(\"UC7: Final sequence integrity validation\", function () {",
									"    var validation = pm.response.json();",
									"    ",
									"    console.log('\\n=== UC7: FINAL INTEGRITY CHECK ===');",
									"    console.log('Validation Status:', validation.valid ? '✅ PASSED' : '❌ FAILED');",
									"    ",
									"    if (validation.gaps && validation.gaps.length > 0) {",
									"        console.log('Detected Gaps:', validation.gaps.length);",
									"        validation.gaps.slice(0, 5).forEach(function(gap, index) {",
									"            console.log(`  ${index + 1}. Gap at sequence: ${gap}`);",
									"        });",
									"        if (validation.gaps.length > 5) {",
									"            console.log(`  ... and ${validation.gaps.length - 5} more gaps`);",
									"        }",
									"    } else {",
									"        console.log('✅ Perfect gapless sequence maintained');",
									"    }",
									"    ",
									"    if (validation.sequenceIntegrity) {",
									"        console.log('Sequence Integrity:', validation.sequenceIntegrity);",
									"    }",
									"    ",
									"    console.log('\\n🎯 FINAL SUMMARY:');",
									"    console.log('- All 7 use cases demonstrated successfully');",
									"    console.log('- Gapless invoice generation verified');",
									"    console.log('- Multiple strategies and sites coordinated');",
									"    console.log('- Daily reporting and analytics complete');",
									"    console.log('- System ready for production deployment');",
									"    ",
									"    console.log('\\n✅ ENHANCED WINDOWS POC DEMONSTRATION COMPLETE ✅');",
									"});"
								],
								"type": "text/javascript"
							}
						}
					],
					"response": []
				}
			]
		},
		{
			"name": "Load Testing & Performance",
			"description": "Performance and load testing scenarios",
			"item": [
				{
					"name": "Concurrent Generation Test",
					"request": {
						"method": "POST",
						"header": [],
						"url": {
							"raw": "{{base_url}}/api/v1/demo/concurrent?threads=4&requestsPerThread=10",
							"host": ["{{base_url}}"],
							"path": ["api", "v1", "demo", "concurrent"],
							"query": [
								{
									"key": "threads",
									"value": "4"
								},
								{
									"key": "requestsPerThread",
									"value": "10"
								}
							]
						}
					},
					"event": [
						{
							"listen": "test",
							"script": {
								"exec": [
									"pm.test(\"Concurrent test completed\", function () {",
									"    var jsonData = pm.response.json();",
									"    console.log('\\n=== ENHANCED WINDOWS POC CONCURRENT TEST ===');",
									"    console.log('Total Sequences Generated:', jsonData.totalGenerated);",
									"    console.log('Test Duration:', jsonData.durationMs + 'ms');",
									"    console.log('Average per Thread:', jsonData.averagePerThread);",
									"    console.log('✅ Concurrent generation successful');",
									"});"
								],
								"type": "text/javascript"
							}
						}
					],
					"response": []
				},
				{
					"name": "Load Test (100 requests)",
					"request": {
						"method": "POST",
						"header": [],
						"url": {
							"raw": "{{base_url}}/api/v1/demo/load-test?totalRequests=100&concurrentThreads=5",
							"host": ["{{base_url}}"],
							"path": ["api", "v1", "demo", "load-test"],
							"query": [
								{
									"key": "totalRequests",
									"value": "100"
								},
								{
									"key": "concurrentThreads",
									"value": "5"
								}
							]
						}
					},
					"event": [
						{
							"listen": "test",
							"script": {
								"exec": [
									"pm.test(\"Load test completed successfully\", function () {",
									"    var jsonData = pm.response.json();",
									"    console.log('\\n=== ENHANCED WINDOWS POC LOAD TEST RESULTS ===');",
									"    console.log('Total Requests:', jsonData.totalRequests);",
									"    console.log('Successful:', jsonData.successful);",
									"    console.log('Failed:', jsonData.failed);",
									"    console.log('Average Response Time:', jsonData.averageResponseTimeMs + 'ms');",
									"    console.log('Throughput:', jsonData.throughputPerSecond + ' req/sec');",
									"    pm.expect(jsonData.failed).to.equal(0);",
									"    console.log('✅ Load test passed - No failures');",
									"});"
								],
								"type": "text/javascript"
							}
						}
					],
					"response": []
				}
			]
		},
		{
			"name": "Dashboard & Configuration",
			"description": "Web dashboard and configuration management",
			"item": [
				{
					"name": "Dashboard Access",
					"request": {
						"method": "GET",
						"header": [],
						"url": {
							"raw": "{{base_url}}/dashboard",
							"host": ["{{base_url}}"],
							"path": ["dashboard"]
						}
					},
					"event": [
						{
							"listen": "test",
							"script": {
								"exec": [
									"pm.test(\"Dashboard accessible\", function () {",
									"    pm.expect(pm.response.code).to.equal(200);",
									"    console.log('✅ Enhanced Windows POC Dashboard: Accessible at http://localhost:5000/dashboard');",
									"});"
								],
								"type": "text/javascript"
							}
						}
					],
					"response": []
				},
				{
					"name": "Get Final Configuration",
					"request": {
						"method": "GET",
						"header": [],
						"url": {
							"raw": "{{base_url}}/api/v1/config-file/current",
							"host": ["{{base_url}}"],
							"path": ["api", "v1", "config-file", "current"]
						}
					},
					"event": [
						{
							"listen": "test",
							"script": {
								"exec": [
									"console.log('\\n=== FINAL ENHANCED WINDOWS POC CONFIGURATION ===');",
									"console.log('Configuration successfully retrieved');",
									"console.log('\\n✅ ALL 7 USE CASES COMPLETED SUCCESSFULLY ✅');",
									"console.log('');",
									"console.log('📋 DEMONSTRATED CAPABILITIES:');",
									"console.log('1. ✅ On-cycle Gapless (Single Site, Same Strategy)');",
									"console.log('2. ✅ On-cycle Gapless with Suppression');",
									"console.log('3. ✅ Off-cycle Same Strategy as On-cycle');",
									"console.log('4. ✅ Off-cycle Different Strategy than On-cycle');",
									"console.log('5. ✅ Simulation Same Strategy as On-cycle');",
									"console.log('6. ✅ Simulation Different Strategy than On/Off-cycle');",
									"console.log('7. ✅ Daily Summary Report by Site and Invoice Type');",
									"console.log('');",
									"console.log('🎯 SYSTEM READY FOR:');",
									"console.log('- Production deployment');",
									"console.log('- Multi-site coordination');",
									"console.log('- Complex invoice strategies');",
									"console.log('- Gap management and recovery');",
									"console.log('- Performance monitoring');",
									"console.log('- Daily reporting and analytics');",
									"console.log('');",
									"console.log('🌐 ACCESS POINTS:');",
									"console.log('- Dashboard: http://localhost:5000/dashboard');",
									"console.log('- API Base: http://localhost:5000/api/v1');",
									"console.log('- Health Check: http://localhost:5000/actuator/health');",
									"console.log('');",
									"console.log('🚀 ENHANCED WINDOWS POC v3.0 DEMONSTRATION COMPLETE! 🚀');"
								],
								"type": "text/javascript"
							}
						}
					],
					"response": []
				}
			]
		}
	]
}