{
	"info": {
		"_postman_id": "windows-sequential-poc-2025-fixed",
		"name": "Gapless Invoice Use Cases - Complete Demo (Windows POC)",
		"description": "Demonstrates comprehensive use cases for gapless invoice number generation with configuration management - Windows deployment edition",
		"schema": "https://schema.getpostman.com/json/collection/v2.1.0/collection.json"
	},
	"variable": [
		{
			"key": "base_url",
			"value": "http://localhost:5000",
			"type": "string"
		}
	],
	"item": [
		{
			"name": "System Health & Setup",
			"description": "Basic health checks and system initialization",
			"item": [
				{
					"name": "Application Health Check",
					"request": {
						"method": "GET",
						"header": [],
						"url": {
							"raw": "{{base_url}}/actuator/health",
							"host": ["{{base_url}}"],
							"path": ["actuator", "health"]
						}
					},
					"event": [
						{
							"listen": "test",
							"script": {
								"exec": [
									"pm.test(\"System health check passed\", function () {",
									"    pm.expect(pm.response.code).to.equal(200);",
									"    console.log('✅ Windows POC System Health: OK');",
									"});"
								],
								"type": "text/javascript"
							}
						}
					],
					"response": []
				},
				{
					"name": "Sequence Service Health",
					"request": {
						"method": "GET",
						"header": [],
						"url": {
							"raw": "{{base_url}}/api/v1/sequence/health",
							"host": ["{{base_url}}"],
							"path": ["api", "v1", "sequence", "health"]
						}
					},
					"event": [
						{
							"listen": "test",
							"script": {
								"exec": [
									"pm.test(\"Sequence service healthy\", function () {",
									"    pm.expect(pm.response.code).to.equal(200);",
									"    console.log('✅ Sequence Service Health: OK');",
									"});"
								],
								"type": "text/javascript"
							}
						}
					],
					"response": []
				},
				{
					"name": "Load Invoice Configuration",
					"request": {
						"method": "POST",
						"header": [
							{
								"key": "Content-Type",
								"value": "application/json"
							}
						],
						"body": {
							"mode": "raw",
							"raw": "{\n    \"invoiceTypes\": {\n        \"periodic\": {\n            \"displayName\": \"On-Cycle (Periodic)\",\n            \"strategy\": \"S1\",\n            \"description\": \"Regular billing cycle invoices\"\n        },\n        \"onDemand\": {\n            \"displayName\": \"On-Demand\",\n            \"strategy\": \"S2\",\n            \"description\": \"Ad-hoc billing invoices\"\n        },\n        \"simulation\": {\n            \"displayName\": \"Simulation\",\n            \"strategy\": \"S1\",\n            \"description\": \"Test and simulation invoices\"\n        }\n    },\n    \"strategies\": {\n        \"S1\": {\n            \"strategyName\": \"S1\",\n            \"prefix\": \"RE\",\n            \"minSequenceLength\": 9,\n            \"startingSequenceNumber\": 1000,\n            \"suffix\": \"\",\n            \"delimiter\": \"-\"\n        },\n        \"S2\": {\n            \"strategyName\": \"S2\",\n            \"prefix\": \"OD\",\n            \"minSequenceLength\": 9,\n            \"startingSequenceNumber\": 1000,\n            \"suffix\": \"\",\n            \"delimiter\": \"_\"\n        },\n        \"S3\": {\n            \"strategyName\": \"S3\",\n            \"prefix\": \"SIM\",\n            \"minSequenceLength\": 9,\n            \"startingSequenceNumber\": 1000,\n            \"suffix\": \"\",\n            \"delimiter\": \"-\"\n        }\n    },\n    \"sites\": {\n        \"US-EAST\": {\n            \"siteCode\": \"USE\",\n            \"partitionNumber\": 1,\n            \"partitions\": {\n                \"CORP-A\": 1,\n                \"CORP-B\": 2,\n                \"SMB-1\": 3\n            }\n        },\n        \"US-WEST\": {\n            \"siteCode\": \"USW\",\n            \"partitionNumber\": 2,\n            \"partitions\": {\n                \"CORP-C\": 1,\n                \"CORP-D\": 2,\n                \"SMB-2\": 3\n            }\n        },\n        \"EU-WEST\": {\n            \"siteCode\": \"EUW\",\n            \"partitionNumber\": 3,\n            \"partitions\": {\n                \"EU-CORP\": 1,\n                \"EU-SMB\": 2\n            }\n        },\n        \"APAC\": {\n            \"siteCode\": \"APC\",\n            \"partitionNumber\": 4,\n            \"partitions\": {\n                \"APAC-1\": 1,\n                \"APAC-2\": 2\n            }\n        },\n        \"LATAM\": {\n            \"siteCode\": \"LAT\",\n            \"partitionNumber\": 5,\n            \"partitions\": {\n                \"LATAM-CORP\": 1,\n                \"LATAM-SMB\": 2\n            }\n        }\n    },\n    \"partitionConfig\": {\n        \"delimiter\": \"-\",\n        \"totalSites\": 5,\n        \"includeSiteCode\": false,\n        \"includePartitionNumber\": true\n    }\n}"
						},
						"url": {
							"raw": "{{base_url}}/api/v1/config-file/update",
							"host": ["{{base_url}}"],
							"path": ["api", "v1", "config-file", "update"]
						}
					},
					"event": [
						{
							"listen": "test",
							"script": {
								"exec": [
									"pm.test(\"Invoice configuration loaded successfully\", function () {",
									"    pm.expect(pm.response.code).to.equal(200);",
									"    var result = pm.response.json();",
									"    pm.expect(result.success).to.equal(true);",
									"    console.log('✅ Windows POC Configuration: Loaded');",
									"});"
								],
								"type": "text/javascript"
							}
						}
					],
					"response": []
				}
			]
		},
		{
			"name": "Use Case 1: On-cycle Gapless (Single Site)",
			"description": "Gapless Invoice Numbers in On-cycle billing - Windows POC demonstration",
			"item": [
				{
					"name": "UC1: Get Current Configuration",
					"request": {
						"method": "GET",
						"header": [],
						"url": {
							"raw": "{{base_url}}/api/v1/config-file/current",
							"host": ["{{base_url}}"],
							"path": ["api", "v1", "config-file", "current"]
						}
					},
					"event": [
						{
							"listen": "test",
							"script": {
								"exec": [
									"pm.test(\"Configuration loaded for UC1\", function () {",
									"    pm.expect(pm.response.code).to.equal(200);",
									"    var config = pm.response.json();",
									"    pm.expect(config.invoiceTypes.periodic).to.exist;",
									"    console.log('UC1 - Current periodic strategy:', config.invoiceTypes.periodic.strategy);",
									"});"
								],
								"type": "text/javascript"
							}
						}
					],
					"response": []
				},
				{
					"name": "UC1: Generate First On-cycle Invoice",
					"request": {
						"method": "GET",
						"header": [],
						"url": {
							"raw": "{{base_url}}/api/v1/sequence/next?siteId=US-EAST&partitionId=CORP-A&invoiceType=periodic",
							"host": ["{{base_url}}"],
							"path": ["api", "v1", "sequence", "next"],
							"query": [
								{
									"key": "siteId",
									"value": "US-EAST"
								},
								{
									"key": "partitionId",
									"value": "CORP-A"
								},
								{
									"key": "invoiceType",
									"value": "periodic"
								}
							]
						}
					},
					"event": [
						{
							"listen": "test",
							"script": {
								"exec": [
									"pm.test(\"UC1: First on-cycle invoice generated\", function () {",
									"    var jsonData = pm.response.json();",
									"    pm.expect(jsonData.success).to.equal(true);",
									"    pm.globals.set('uc1_sequence_1', jsonData.sequenceNumbers[0]);",
									"    console.log('UC1 - First invoice:', jsonData.formattedSequenceNumbers[0]);",
									"});"
								],
								"type": "text/javascript"
							}
						}
					],
					"response": []
				},
				{
					"name": "UC1: Generate Second On-cycle Invoice (Gapless)",
					"request": {
						"method": "GET",
						"header": [],
						"url": {
							"raw": "{{base_url}}/api/v1/sequence/next?siteId=US-EAST&partitionId=CORP-A&invoiceType=periodic",
							"host": ["{{base_url}}"],
							"path": ["api", "v1", "sequence", "next"],
							"query": [
								{
									"key": "siteId",
									"value": "US-EAST"
								},
								{
									"key": "partitionId",
									"value": "CORP-A"
								},
								{
									"key": "invoiceType",
									"value": "periodic"
								}
							]
						}
					},
					"event": [
						{
							"listen": "test",
							"script": {
								"exec": [
									"pm.test(\"UC1: Gapless sequence verification\", function () {",
									"    var jsonData = pm.response.json();",
									"    var previousSequence = parseInt(pm.globals.get('uc1_sequence_1'));",
									"    var currentSequence = jsonData.sequenceNumbers[0];",
									"    ",
									"    pm.expect(currentSequence).to.equal(previousSequence + 1);",
									"    pm.expect(jsonData.gapFilled).to.equal(false);",
									"    ",
									"    console.log('✅ UC1 GAPLESS VERIFIED (Windows POC):');",
									"    console.log('Previous sequence:', previousSequence);",
									"    console.log('Current sequence:', currentSequence);",
									"    console.log('Formatted:', jsonData.formattedSequenceNumbers[0]);",
									"});"
								],
								"type": "text/javascript"
							}
						}
					],
					"response": []
				},
				{
					"name": "UC1: Generate Bulk On-cycle Invoices (5 Gapless)",
					"request": {
						"method": "GET",
						"header": [],
						"url": {
							"raw": "{{base_url}}/api/v1/sequence/next?siteId=US-EAST&partitionId=CORP-A&invoiceType=periodic&count=5",
							"host": ["{{base_url}}"],
							"path": ["api", "v1", "sequence", "next"],
							"query": [
								{
									"key": "siteId",
									"value": "US-EAST"
								},
								{
									"key": "partitionId",
									"value": "CORP-A"
								},
								{
									"key": "invoiceType",
									"value": "periodic"
								},
								{
									"key": "count",
									"value": "5"
								}
							]
						}
					},
					"event": [
						{
							"listen": "test",
							"script": {
								"exec": [
									"pm.test(\"UC1: Bulk gapless sequences\", function () {",
									"    var jsonData = pm.response.json();",
									"    pm.expect(jsonData.sequenceCount).to.equal(5);",
									"    ",
									"    var sequences = jsonData.sequenceNumbers;",
									"    for (let i = 1; i < sequences.length; i++) {",
									"        pm.expect(sequences[i]).to.equal(sequences[i-1] + 1);",
									"    }",
									"    ",
									"    console.log('✅ UC1 BULK GAPLESS VERIFIED (Windows POC):');",
									"    console.log('Generated sequences:', sequences);",
									"});"
								],
								"type": "text/javascript"
							}
						}
					],
					"response": []
				}
			]
		},
		{
			"name": "Use Case 2: Multi-Site Coordination",
			"description": "Gapless coordination across multiple sites and partitions",
			"item": [
				{
					"name": "UC2: Generate US-WEST Invoice",
					"request": {
						"method": "GET",
						"header": [],
						"url": {
							"raw": "{{base_url}}/api/v1/sequence/next?siteId=US-WEST&partitionId=CORP-C&invoiceType=periodic",
							"host": ["{{base_url}}"],
							"path": ["api", "v1", "sequence", "next"],
							"query": [
								{
									"key": "siteId",
									"value": "US-WEST"
								},
								{
									"key": "partitionId",
									"value": "CORP-C"
								},
								{
									"key": "invoiceType",
									"value": "periodic"
								}
							]
						}
					},
					"event": [
						{
							"listen": "test",
							"script": {
								"exec": [
									"pm.test(\"UC2: Multi-site coordination\", function () {",
									"    var jsonData = pm.response.json();",
									"    pm.expect(jsonData.success).to.equal(true);",
									"    console.log('UC2 - US-WEST invoice:', jsonData.formattedSequenceNumbers[0]);",
									"    pm.globals.set('uc2_uswest_sequence', jsonData.sequenceNumbers[0]);",
									"});"
								],
								"type": "text/javascript"
							}
						}
					],
					"response": []
				},
				{
					"name": "UC2: Generate EU-WEST Invoice",
					"request": {
						"method": "GET",
						"header": [],
						"url": {
							"raw": "{{base_url}}/api/v1/sequence/next?siteId=EU-WEST&partitionId=EU-CORP&invoiceType=periodic",
							"host": ["{{base_url}}"],
							"path": ["api", "v1", "sequence", "next"],
							"query": [
								{
									"key": "siteId",
									"value": "EU-WEST"
								},
								{
									"key": "partitionId",
									"value": "EU-CORP"
								},
								{
									"key": "invoiceType",
									"value": "periodic"
								}
							]
						}
					},
					"event": [
						{
							"listen": "test",
							"script": {
								"exec": [
									"pm.test(\"UC2: EU coordination\", function () {",
									"    var jsonData = pm.response.json();",
									"    pm.expect(jsonData.success).to.equal(true);",
									"    console.log('UC2 - EU-WEST invoice:', jsonData.formattedSequenceNumbers[0]);",
									"    console.log('✅ UC2 MULTI-SITE COORDINATION (Windows POC)');",
									"});"
								],
								"type": "text/javascript"
							}
						}
					],
					"response": []
				}
			]
		},
		{
			"name": "Use Case 3: On-Demand Different Strategy",
			"description": "On-demand invoices using different numbering strategy",
			"item": [
				{
					"name": "UC3: Generate On-Demand Invoice (Different Strategy)",
					"request": {
						"method": "GET",
						"header": [],
						"url": {
							"raw": "{{base_url}}/api/v1/sequence/next?siteId=US-EAST&partitionId=CORP-A&invoiceType=onDemand",
							"host": ["{{base_url}}"],
							"path": ["api", "v1", "sequence", "next"],
							"query": [
								{
									"key": "siteId",
									"value": "US-EAST"
								},
								{
									"key": "partitionId",
									"value": "CORP-A"
								},
								{
									"key": "invoiceType",
									"value": "onDemand"
								}
							]
						}
					},
					"event": [
						{
							"listen": "test",
							"script": {
								"exec": [
									"pm.test(\"UC3: On-demand different strategy\", function () {",
									"    var jsonData = pm.response.json();",
									"    pm.expect(jsonData.success).to.equal(true);",
									"    pm.expect(jsonData.formattedSequenceNumbers[0]).to.contain('OD_');",
									"    console.log('✅ UC3 ON-DEMAND STRATEGY (Windows POC):');",
									"    console.log('On-demand format:', jsonData.formattedSequenceNumbers[0]);",
									"});"
								],
								"type": "text/javascript"
							}
						}
					],
					"response": []
				},
				{
					"name": "UC3: Generate Multiple On-Demand (Bulk)",
					"request": {
						"method": "POST",
						"header": [
							{
								"key": "Content-Type",
								"value": "application/json"
							}
						],
						"body": {
							"mode": "raw",
							"raw": "{\n  \"siteId\": \"US-EAST\",\n  \"partitionId\": \"CORP-A\",\n  \"strategy\": \"S2\",\n  \"count\": 3,\n  \"invoiceType\": \"onDemand\"\n}"
						},
						"url": {
							"raw": "{{base_url}}/api/v1/sequence/next",
							"host": ["{{base_url}}"],
							"path": ["api", "v1", "sequence", "next"]
						}
					},
					"event": [
						{
							"listen": "test",
							"script": {
								"exec": [
									"pm.test(\"UC3: Bulk on-demand generation\", function () {",
									"    var jsonData = pm.response.json();",
									"    pm.expect(jsonData.sequenceCount).to.equal(3);",
									"    console.log('UC3 - Bulk on-demand sequences:', jsonData.sequenceNumbers);",
									"});"
								],
								"type": "text/javascript"
							}
						}
					],
					"response": []
				}
			]
		},
		{
			"name": "Gap Management & Recovery",
			"description": "Testing gap creation and recovery mechanisms",
			"item": [
				{
					"name": "Gap: Release Sequence (Create Gap)",
					"request": {
						"method": "POST",
						"header": [
							{
								"key": "Content-Type",
								"value": "application/json"
							}
						],
						"body": {
							"mode": "raw",
							"raw": "{\n  \"sequenceNumber\": 1005,\n  \"siteId\": \"US-EAST\",\n  \"partitionId\": \"CORP-A\",\n  \"reason\": \"cancelled-invoice-windows-poc\"\n}"
						},
						"url": {
							"raw": "{{base_url}}/api/v1/sequence/release",
							"host": ["{{base_url}}"],
							"path": ["api", "v1", "sequence", "release"]
						}
					},
					"event": [
						{
							"listen": "test",
							"script": {
								"exec": [
									"pm.test(\"Gap created successfully\", function () {",
									"    pm.expect(pm.response.code).to.equal(200);",
									"    console.log('✅ GAP CREATED (Windows POC): Sequence 1005 released');",
									"});"
								],
								"type": "text/javascript"
							}
						}
					],
					"response": []
				},
				{
					"name": "Gap: Check Available Gaps",
					"request": {
						"method": "GET",
						"header": [],
						"url": {
							"raw": "{{base_url}}/api/v1/sequence/gaps",
							"host": ["{{base_url}}"],
							"path": ["api", "v1", "sequence", "gaps"]
						}
					},
					"event": [
						{
							"listen": "test",
							"script": {
								"exec": [
									"pm.test(\"Gaps available for filling\", function () {",
									"    var jsonData = pm.response.json();",
									"    console.log('Available gaps (Windows POC):', JSON.stringify(jsonData, null, 2));",
									"});"
								],
								"type": "text/javascript"
							}
						}
					],
					"response": []
				},
				{
					"name": "Gap: Generate Next Invoice (Should Fill Gap)",
					"request": {
						"method": "GET",
						"header": [],
						"url": {
							"raw": "{{base_url}}/api/v1/sequence/next?siteId=US-EAST&partitionId=CORP-A&invoiceType=periodic",
							"host": ["{{base_url}}"],
							"path": ["api", "v1", "sequence", "next"],
							"query": [
								{
									"key": "siteId",
									"value": "US-EAST"
								},
								{
									"key": "partitionId",
									"value": "CORP-A"
								},
								{
									"key": "invoiceType",
									"value": "periodic"
								}
							]
						}
					},
					"event": [
						{
							"listen": "test",
							"script": {
								"exec": [
									"pm.test(\"Gap filled successfully\", function () {",
									"    var jsonData = pm.response.json();",
									"    if (jsonData.gapFilled) {",
									"        console.log('✅ GAP FILLED (Windows POC):');",
									"        console.log('Gap sequence used:', jsonData.sequenceNumbers[0]);",
									"        console.log('Gapless maintained!');",
									"    }",
									"});"
								],
								"type": "text/javascript"
							}
						}
					],
					"response": []
				}
			]
		},
		{
			"name": "System Monitoring & Statistics",
			"description": "Monitor system performance and get usage statistics",
			"item": [
				{
					"name": "Get System Statistics",
					"request": {
						"method": "GET",
						"header": [],
						"url": {
							"raw": "{{base_url}}/api/v1/sequence/stats",
							"host": ["{{base_url}}"],
							"path": ["api", "v1", "sequence", "stats"]
						}
					},
					"event": [
						{
							"listen": "test",
							"script": {
								"exec": [
									"pm.test(\"System statistics retrieved\", function () {",
									"    var jsonData = pm.response.json();",
									"    console.log('\\n=== WINDOWS POC SYSTEM STATISTICS ===');",
									"    console.log('Current Counter:', jsonData.currentCounter);",
									"    console.log('Total Generated:', jsonData.totalGenerated);",
									"    console.log('System Healthy:', jsonData.systemHealthy);",
									"    console.log('Average Latency:', jsonData.averageLatencyMs + 'ms');",
									"});"
								],
								"type": "text/javascript"
							}
						}
					],
					"response": []
				},
				{
					"name": "Get Audit Trail",
					"request": {
						"method": "GET",
						"header": [],
						"url": {
							"raw": "{{base_url}}/api/v1/sequence/audit?limit=10",
							"host": ["{{base_url}}"],
							"path": ["api", "v1", "sequence", "audit"],
							"query": [
								{
									"key": "limit",
									"value": "10"
								}
							]
						}
					},
					"event": [
						{
							"listen": "test",
							"script": {
								"exec": [
									"pm.test(\"Audit trail retrieved\", function () {",
									"    var jsonData = pm.response.json();",
									"    console.log('\\n=== WINDOWS POC AUDIT TRAIL (Last 10) ===');",
									"    if (jsonData && jsonData.length > 0) {",
									"        jsonData.forEach((entry, index) => {",
									"            console.log(`${index + 1}. ${entry.timestamp}: ${entry.action} - ${entry.details}`);",
									"        });",
									"    }",
									"});"
								],
								"type": "text/javascript"
							}
						}
					],
					"response": []
				},
				{
					"name": "Validate Sequence Integrity",
					"request": {
						"method": "GET",
						"header": [],
						"url": {
							"raw": "{{base_url}}/api/v1/sequence/validate",
							"host": ["{{base_url}}"],
							"path": ["api", "v1", "sequence", "validate"]
						}
					},
					"event": [
						{
							"listen": "test",
							"script": {
								"exec": [
									"pm.test(\"Sequence integrity validated\", function () {",
									"    var jsonData = pm.response.json();",
									"    console.log('\\n=== WINDOWS POC INTEGRITY CHECK ===');",
									"    console.log('Validation Status:', jsonData.valid ? 'PASSED' : 'FAILED');",
									"    if (jsonData.gaps && jsonData.gaps.length > 0) {",
									"        console.log('Detected Gaps:', jsonData.gaps);",
									"    } else {",
									"        console.log('✅ No gaps detected - Perfect gapless sequence');",
									"    }",
									"});"
								],
								"type": "text/javascript"
							}
						}
					],
					"response": []
				}
			]
		},
		{
			"name": "Load Testing & Performance",
			"description": "Performance and load testing scenarios",
			"item": [
				{
					"name": "Concurrent Generation Test",
					"request": {
						"method": "POST",
						"header": [],
						"url": {
							"raw": "{{base_url}}/api/v1/demo/concurrent?threads=4&requestsPerThread=10",
							"host": ["{{base_url}}"],
							"path": ["api", "v1", "demo", "concurrent"],
							"query": [
								{
									"key": "threads",
									"value": "4"
								},
								{
									"key": "requestsPerThread",
									"value": "10"
								}
							]
						}
					},
					"event": [
						{
							"listen": "test",
							"script": {
								"exec": [
									"pm.test(\"Concurrent test completed\", function () {",
									"    var jsonData = pm.response.json();",
									"    console.log('\\n=== WINDOWS POC CONCURRENT TEST ===');",
									"    console.log('Total Sequences Generated:', jsonData.totalGenerated);",
									"    console.log('Test Duration:', jsonData.durationMs + 'ms');",
									"    console.log('Average per Thread:', jsonData.averagePerThread);",
									"    console.log('✅ Concurrent generation successful');",
									"});"
								],
								"type": "text/javascript"
							}
						}
					],
					"response": []
				},
				{
					"name": "Load Test (100 requests)",
					"request": {
						"method": "POST",
						"header": [],
						"url": {
							"raw": "{{base_url}}/api/v1/demo/load-test?totalRequests=100&concurrentThreads=5",
							"host": ["{{base_url}}"],
							"path": ["api", "v1", "demo", "load-test"],
							"query": [
								{
									"key": "totalRequests",
									"value": "100"
								},
								{
									"key": "concurrentThreads",
									"value": "5"
								}
							]
						}
					},
					"event": [
						{
							"listen": "test",
							"script": {
								"exec": [
									"pm.test(\"Load test completed successfully\", function () {",
									"    var jsonData = pm.response.json();",
									"    console.log('\\n=== WINDOWS POC LOAD TEST RESULTS ===');",
									"    console.log('Total Requests:', jsonData.totalRequests);",
									"    console.log('Successful:', jsonData.successful);",
									"    console.log('Failed:', jsonData.failed);",
									"    console.log('Average Response Time:', jsonData.averageResponseTimeMs + 'ms');",
									"    console.log('Throughput:', jsonData.throughputPerSecond + ' req/sec');",
									"    pm.expect(jsonData.failed).to.equal(0);",
									"    console.log('✅ Load test passed - No failures');",
									"});"
								],
								"type": "text/javascript"
							}
						}
					],
					"response": []
				}
			]
		},
		{
			"name": "Dashboard & Configuration",
			"description": "Web dashboard and configuration management",
			"item": [
				{
					"name": "Dashboard Access",
					"request": {
						"method": "GET",
						"header": [],
						"url": {
							"raw": "{{base_url}}/dashboard",
							"host": ["{{base_url}}"],
							"path": ["dashboard"]
						}
					},
					"event": [
						{
							"listen": "test",
							"script": {
								"exec": [
									"pm.test(\"Dashboard accessible\", function () {",
									"    pm.expect(pm.response.code).to.equal(200);",
									"    console.log('✅ Windows POC Dashboard: Accessible at http://localhost:5000/dashboard');",
									"});"
								],
								"type": "text/javascript"
							}
						}
					],
					"response": []
				},
				{
					"name": "Get Final Configuration",
					"request": {
						"method": "GET",
						"header": [],
						"url": {
							"raw": "{{base_url}}/api/v1/config-file/current",
							"host": ["{{base_url}}"],
							"path": ["api", "v1", "config-file", "current"]
						}
					},
					"event": [
						{
							"listen": "test",
							"script": {
								"exec": [
									"console.log('\\n=== FINAL WINDOWS POC CONFIGURATION ===');",
									"console.log('Configuration successfully retrieved');",
									"console.log('\\n✅ ALL WINDOWS POC USE CASES COMPLETED ✅');",
									"console.log('The system is ready for production use');",
									"console.log('Dashboard: http://localhost:5000/dashboard');",
									"console.log('API Base: http://localhost:5000/api/v1');"
								],
								"type": "text/javascript"
							}
						}
					],
					"response": []
				}
			]
		}
	]
}