{
    "invoiceTypes": {
        "periodic": {
            "displayName": "On-Cycle (Periodic)",
            "strategy": "S1",
            "description": "Regular billing cycle invoices"
        },
        "onDemand": {
            "displayName": "On-Demand",
            "strategy": "S2",
            "description": "Ad-hoc billing invoices"
        },
        "simulation": {
            "displayName": "Simulation",
            "strategy": "S1",
            "description": "Test and simulation invoices"
        }
    },
    "strategies": {
        "S1": {
            "strategyName": "S1",
            "prefix": "RE",
            "minSequenceLength": 9,
            "startingSequenceNumber": 1000,
            "suffix": "",
            "delimiter": "-"
        },
        "S2": {
            "strategyName": "S2",
            "prefix": "OD",
            "minSequenceLength": 9,
            "startingSequenceNumber": 1000,
            "suffix": "",
            "delimiter": "_"
        },
        "S3": {
            "strategyName": "S3",
            "prefix": "SIM",
            "minSequenceLength": 9,
            "startingSequenceNumber": 1000,
            "suffix": "",
            "delimiter": "-"
        }
    },
    "sites": {
        "US-EAST": {
            "siteCode": "USE",
            "partitionNumber": 1,
            "partitions": {
                "CORP-A": 1,
                "CORP-B": 2,
                "SMB-1": 3
            }
        },
        "US-WEST": {
            "siteCode": "USW",
            "partitionNumber": 2,
            "partitions": {
                "CORP-C": 1,
                "CORP-D": 2,
                "SMB-2": 3
            }
        },
        "EU-WEST": {
            "siteCode": "EUW",
            "partitionNumber": 3,
            "partitions": {
                "EU-CORP": 1,
                "EU-SMB": 2
            }
        },
        "APAC": {
            "siteCode": "APC",
            "partitionNumber": 4,
            "partitions": {
                "APAC-1": 1,
                "APAC-2": 2
            }
        },
        "LATAM": {
            "siteCode": "LAT",
            "partitionNumber": 5,
            "partitions": {
                "LATAM-CORP": 1,
                "LATAM-SMB": 2
            }
        }
    },
    "partitionConfig": {
        "delimiter": "-",
        "totalSites": 5,
        "includeSiteCode": false,
        "includePartitionNumber": true
    }
}
