{
  "info": {
    "_postman_id": "multisite-poc-2025",
    "name": "Multi-Site Sequential Number POC",
    "description": "Complete test collection for Multi-Site Sequential Number Generation POC with etcd coordination",
    "schema": "https://schema.getpostman.com/json/collection/v2.1.0/collection.json"
  },
  "item": [
    {
      "name": "1. Health Checks",
      "item": [
        {
          "name": "Dashboard Health",
          "request": {
            "method": "GET",
            "header": [],
            "url": {
              "raw": "http://localhost:8080/health",
              "protocol": "http",
              "host": ["localhost"],
              "port": "8080",
              "path": ["health"]
            }
          }
        },
        {
          "name": "Site-A Formatter Health",
          "request": {
            "method": "GET",
            "header": [],
            "url": {
              "raw": "http://localhost:8081/actuator/health",
              "protocol": "http",
              "host": ["localhost"],
              "port": "8081",
              "path": ["actuator", "health"]
            }
          }
        },
        {
          "name": "Site-B Formatter Health",
          "request": {
            "method": "GET",
            "header": [],
            "url": {
              "raw": "http://localhost:8082/actuator/health",
              "protocol": "http",
              "host": ["localhost"],
              "port": "8082",
              "path": ["actuator", "health"]
            }
          }
        },
        {
          "name": "Site-A Sequence Service Health",
          "request": {
            "method": "GET",
            "header": [],
            "url": {
              "raw": "http://localhost:8083/actuator/health",
              "protocol": "http",
              "host": ["localhost"],
              "port": "8083",
              "path": ["actuator", "health"]
            }
          }
        },
        {
          "name": "Site-B Sequence Service Health",
          "request": {
            "method": "GET",
            "header": [],
            "url": {
              "raw": "http://localhost:8084/actuator/health",
              "protocol": "http",
              "host": ["localhost"],
              "port": "8084",
              "path": ["actuator", "health"]
            }
          }
        }
      ]
    },
    {
      "name": "2. System Status",
      "item": [
        {
          "name": "Overall System Status",
          "request": {
            "method": "GET",
            "header": [],
            "url": {
              "raw": "http://localhost:8080/api/dashboard/status",
              "protocol": "http",
              "host": ["localhost"],
              "port": "8080",
              "path": ["api", "dashboard", "status"]
            }
          }
        },
        {
          "name": "Site-A Status",
          "request": {
            "method": "GET",
            "header": [],
            "url": {
              "raw": "http://localhost:8081/api/status",
              "protocol": "http",
              "host": ["localhost"],
              "port": "8081",
              "path": ["api", "status"]
            }
          }
        },
        {
          "name": "Site-B Status",
          "request": {
            "method": "GET",
            "header": [],
            "url": {
              "raw": "http://localhost:8082/api/status",
              "protocol": "http",
              "host": ["localhost"],
              "port": "8082",
              "path": ["api", "status"]
            }
          }
        },
        {
          "name": "Global Counters",
          "request": {
            "method": "GET",
            "header": [],
            "url": {
              "raw": "http://localhost:8080/api/dashboard/counters",
              "protocol": "http",
              "host": ["localhost"],
              "port": "8080",
              "path": ["api", "dashboard", "counters"]
            }
          }
        },
        {
          "name": "Site-A Sequence Stats",
          "request": {
            "method": "GET",
            "header": [],
            "url": {
              "raw": "http://localhost:8083/api/v1/sequence/stats",
              "protocol": "http",
              "host": ["localhost"],
              "port": "8083",
              "path": ["api", "v1", "sequence", "stats"]
            }
          }
        },
        {
          "name": "Site-B Sequence Stats",
          "request": {
            "method": "GET",
            "header": [],
            "url": {
              "raw": "http://localhost:8084/api/v1/sequence/stats",
              "protocol": "http",
              "host": ["localhost"],
              "port": "8084",
              "path": ["api", "v1", "sequence", "stats"]
            }
          }
        }
      ]
    },
    {
      "name": "3. Basic Invoice Generation",
      "item": [
        {
          "name": "Site-A: Generate Periodic Invoices (CORP-A)",
          "request": {
            "method": "POST",
            "header": [
              {
                "key": "Content-Type",
                "value": "application/json"
              }
            ],
            "body": {
              "mode": "raw",
              "raw": "{\n  \"partitionId\": \"CORP-A\",\n  \"count\": 5,\n  \"invoiceType\": \"periodic\",\n  \"customerType\": \"STANDARD\"\n}"
            },
            "url": {
              "raw": "http://localhost:8081/api/generate-invoices",
              "protocol": "http",
              "host": ["localhost"],
              "port": "8081",
              "path": ["api", "generate-invoices"]
            }
          }
        },
        {
          "name": "Site-A: Generate Periodic Invoices (CORP-B)",
          "request": {
            "method": "POST",
            "header": [
              {
                "key": "Content-Type",
                "value": "application/json"
              }
            ],
            "body": {
              "mode": "raw",
              "raw": "{\n  \"partitionId\": \"CORP-B\",\n  \"count\": 3,\n  \"invoiceType\": \"periodic\",\n  \"customerType\": \"STANDARD\"\n}"
            },
            "url": {
              "raw": "http://localhost:8081/api/generate-invoices",
              "protocol": "http",
              "host": ["localhost"],
              "port": "8081",
              "path": ["api", "generate-invoices"]
            }
          }
        },
        {
          "name": "Site-A: Generate Periodic Invoices (SMB-1)",
          "request": {
            "method": "POST",
            "header": [
              {
                "key": "Content-Type",
                "value": "application/json"
              }
            ],
            "body": {
              "mode": "raw",
              "raw": "{\n  \"partitionId\": \"SMB-1\",\n  \"count\": 2,\n  \"invoiceType\": \"periodic\",\n  \"customerType\": \"SMB\"\n}"
            },
            "url": {
              "raw": "http://localhost:8081/api/generate-invoices",
              "protocol": "http",
              "host": ["localhost"],
              "port": "8081",
              "path": ["api", "generate-invoices"]
            }
          }
        },
        {
          "name": "Site-B: Generate Periodic Invoices (CORP-C)",
          "request": {
            "method": "POST",
            "header": [
              {
                "key": "Content-Type",
                "value": "application/json"
              }
            ],
            "body": {
              "mode": "raw",
              "raw": "{\n  \"partitionId\": \"CORP-C\",\n  \"count\": 5,\n  \"invoiceType\": \"periodic\",\n  \"customerType\": \"STANDARD\"\n}"
            },
            "url": {
              "raw": "http://localhost:8082/api/generate-invoices",
              "protocol": "http",
              "host": ["localhost"],
              "port": "8082",
              "path": ["api", "generate-invoices"]
            }
          }
        },
        {
          "name": "Site-B: Generate Periodic Invoices (CORP-D)",
          "request": {
            "method": "POST",
            "header": [
              {
                "key": "Content-Type",
                "value": "application/json"
              }
            ],
            "body": {
              "mode": "raw",
              "raw": "{\n  \"partitionId\": \"CORP-D\",\n  \"count\": 3,\n  \"invoiceType\": \"periodic\",\n  \"customerType\": \"STANDARD\"\n}"
            },
            "url": {
              "raw": "http://localhost:8082/api/generate-invoices",
              "protocol": "http",
              "host": ["localhost"],
              "port": "8082",
              "path": ["api", "generate-invoices"]
            }
          }
        },
        {
          "name": "Site-B: Generate Periodic Invoices (SMB-2)",
          "request": {
            "method": "POST",
            "header": [
              {
                "key": "Content-Type",
                "value": "application/json"
              }
            ],
            "body": {
              "mode": "raw",
              "raw": "{\n  \"partitionId\": \"SMB-2\",\n  \"count\": 2,\n  \"invoiceType\": \"periodic\",\n  \"customerType\": \"SMB\"\n}"
            },
            "url": {
              "raw": "http://localhost:8082/api/generate-invoices",
              "protocol": "http",
              "host": ["localhost"],
              "port": "8082",
              "path": ["api", "generate-invoices"]
            }
          }
        }
      ]
    },
    {
      "name": "4. Different Invoice Types",
      "item": [
        {
          "name": "Site-A: On-Demand Invoices",
          "request": {
            "method": "POST",
            "header": [
              {
                "key": "Content-Type",
                "value": "application/json"
              }
            ],
            "body": {
              "mode": "raw",
              "raw": "{\n  \"partitionId\": \"CORP-A\",\n  \"count\": 3,\n  \"invoiceType\": \"onDemand\",\n  \"customerType\": \"PREMIUM\"\n}"
            },
            "url": {
              "raw": "http://localhost:8081/api/generate-invoices",
              "protocol": "http",
              "host": ["localhost"],
              "port": "8081",
              "path": ["api", "generate-invoices"]
            }
          }
        },
        {
          "name": "Site-B: On-Demand Invoices",
          "request": {
            "method": "POST",
            "header": [
              {
                "key": "Content-Type",
                "value": "application/json"
              }
            ],
            "body": {
              "mode": "raw",
              "raw": "{\n  \"partitionId\": \"CORP-C\",\n  \"count\": 3,\n  \"invoiceType\": \"onDemand\",\n  \"customerType\": \"PREMIUM\"\n}"
            },
            "url": {
              "raw": "http://localhost:8082/api/generate-invoices",
              "protocol": "http",
              "host": ["localhost"],
              "port": "8082",
              "path": ["api", "generate-invoices"]
            }
          }
        },
        {
          "name": "Site-A: Simulation Invoices",
          "request": {
            "method": "POST",
            "header": [
              {
                "key": "Content-Type",
                "value": "application/json"
              }
            ],
            "body": {
              "mode": "raw",
              "raw": "{\n  \"partitionId\": \"CORP-A\",\n  \"count\": 2,\n  \"invoiceType\": \"simulation\",\n  \"customerType\": \"TEST\"\n}"
            },
            "url": {
              "raw": "http://localhost:8081/api/generate-invoices",
              "protocol": "http",
              "host": ["localhost"],
              "port": "8081",
              "path": ["api", "generate-invoices"]
            }
          }
        },
        {
          "name": "Site-B: Simulation Invoices",
          "request": {
            "method": "POST",
            "header": [
              {
                "key": "Content-Type",
                "value": "application/json"
              }
            ],
            "body": {
              "mode": "raw",
              "raw": "{\n  \"partitionId\": \"SMB-2\",\n  \"count\": 2,\n  \"invoiceType\": \"simulation\",\n  \"customerType\": \"TEST\"\n}"
            },
            "url": {
              "raw": "http://localhost:8082/api/generate-invoices",
              "protocol": "http",
              "host": ["localhost"],
              "port": "8082",
              "path": ["api", "generate-invoices"]
            }
          }
        },
        {
          "name": "Site-A: Suppressed Invoices (Creates Gaps)",
          "request": {
            "method": "POST",
            "header": [
              {
                "key": "Content-Type",
                "value": "application/json"
              }
            ],
            "body": {
              "mode": "raw",
              "raw": "{\n  \"partitionId\": \"CORP-A\",\n  \"count\": 3,\n  \"invoiceType\": \"suppressed\",\n  \"customerType\": \"STANDARD\"\n}"
            },
            "url": {
              "raw": "http://localhost:8081/api/generate-invoices",
              "protocol": "http",
              "host": ["localhost"],
              "port": "8081",
              "path": ["api", "generate-invoices"]
            }
          }
        }
      ]
    },
    {
      "name": "5. Gap Filling Tests",
      "item": [
        {
          "name": "Step 1: Create Gaps (Site-A Suppressed)",
          "request": {
            "method": "POST",
            "header": [
              {
                "key": "Content-Type",
                "value": "application/json"
              }
            ],
            "body": {
              "mode": "raw",
              "raw": "{\n  \"partitionId\": \"CORP-A\",\n  \"count\": 5,\n  \"invoiceType\": \"suppressed\",\n  \"customerType\": \"STANDARD\"\n}"
            },
            "url": {
              "raw": "http://localhost:8081/api/generate-invoices",
              "protocol": "http",
              "host": ["localhost"],
              "port": "8081",
              "path": ["api", "generate-invoices"]
            }
          }
        },
        {
          "name": "Step 2: Fill Gaps (Site-B Periodic)",
          "request": {
            "method": "POST",
            "header": [
              {
                "key": "Content-Type",
                "value": "application/json"
              }
            ],
            "body": {
              "mode": "raw",
              "raw": "{\n  \"partitionId\": \"CORP-C\",\n  \"count\": 3,\n  \"invoiceType\": \"periodic\",\n  \"customerType\": \"STANDARD\"\n}"
            },
            "url": {
              "raw": "http://localhost:8082/api/generate-invoices",
              "protocol": "http",
              "host": ["localhost"],
              "port": "8082",
              "path": ["api", "generate-invoices"]
            },
            "description": "Should reuse gaps created by Site-A suppressed invoices"
          }
        },
        {
          "name": "Step 3: Verify Gap Filling (Site-A)",
          "request": {
            "method": "POST",
            "header": [
              {
                "key": "Content-Type",
                "value": "application/json"
              }
            ],
            "body": {
              "mode": "raw",
              "raw": "{\n  \"partitionId\": \"CORP-B\",\n  \"count\": 2,\n  \"invoiceType\": \"periodic\",\n  \"customerType\": \"STANDARD\"\n}"
            },
            "url": {
              "raw": "http://localhost:8081/api/generate-invoices",
              "protocol": "http",
              "host": ["localhost"],
              "port": "8081",
              "path": ["api", "generate-invoices"]
            },
            "description": "Should fill remaining gaps"
          }
        },
        {
          "name": "Dashboard Gap Filling Test",
          "request": {
            "method": "POST",
            "header": [],
            "url": {
              "raw": "http://localhost:8080/api/dashboard/test/gap-filling",
              "protocol": "http",
              "host": ["localhost"],
              "port": "8080",
              "path": ["api", "dashboard", "test", "gap-filling"]
            }
          }
        }
      ]
    },
    {
      "name": "6. Cross-Site Tests",
      "item": [
        {
          "name": "Cross-Site Concurrent Generation",
          "request": {
            "method": "POST",
            "header": [
              {
                "key": "Content-Type",
                "value": "application/json"
              }
            ],
            "body": {
              "mode": "raw",
              "raw": "{\n  \"siteAPartition\": \"CORP-A\",\n  \"siteACount\": 5,\n  \"siteBPartition\": \"CORP-C\",\n  \"siteBCount\": 5,\n  \"invoiceType\": \"periodic\"\n}"
            },
            "url": {
              "raw": "http://localhost:8080/api/dashboard/test/cross-site",
              "protocol": "http",
              "host": ["localhost"],
              "port": "8080",
              "path": ["api", "dashboard", "test", "cross-site"]
            }
          }
        },
        {
          "name": "Test Site-A via Dashboard",
          "request": {
            "method": "POST",
            "header": [
              {
                "key": "Content-Type",
                "value": "application/json"
              }
            ],
            "body": {
              "mode": "raw",
              "raw": "{\n  \"partitionId\": \"CORP-A\",\n  \"count\": 3,\n  \"invoiceType\": \"periodic\",\n  \"customerType\": \"STANDARD\"\n}"
            },
            "url": {
              "raw": "http://localhost:8080/api/dashboard/test/site-a",
              "protocol": "http",
              "host": ["localhost"],
              "port": "8080",
              "path": ["api", "dashboard", "test", "site-a"]
            }
          }
        },
        {
          "name": "Test Site-B via Dashboard",
          "request": {
            "method": "POST",
            "header": [
              {
                "key": "Content-Type",
                "value": "application/json"
              }
            ],
            "body": {
              "mode": "raw",
              "raw": "{\n  \"partitionId\": \"CORP-C\",\n  \"count\": 3,\n  \"invoiceType\": \"periodic\",\n  \"customerType\": \"STANDARD\"\n}"
            },
            "url": {
              "raw": "http://localhost:8080/api/dashboard/test/site-b",
              "protocol": "http",
              "host": ["localhost"],
              "port": "8080",
              "path": ["api", "dashboard", "test", "site-b"]
            }
          }
        }
      ]
    },
    {
      "name": "7. Direct Sequence Service Calls",
      "item": [
        {
          "name": "Site-A: Direct Sequence Generation",
          "request": {
            "method": "GET",
            "header": [],
            "url": {
              "raw": "http://localhost:8083/api/v1/sequence/next?siteId=US-EAST&partitionId=CORP-A&invoiceType=periodic&count=3",
              "protocol": "http",
              "host": ["localhost"],
              "port": "8083",
              "path": ["api", "v1", "sequence", "next"],
              "query": [
                {
                  "key": "siteId",
                  "value": "US-EAST"
                },
                {
                  "key": "partitionId",
                  "value": "CORP-A"
                },
                {
                  "key": "invoiceType",
                  "value": "periodic"
                },
                {
                  "key": "count",
                  "value": "3"
                }
              ]
            }
          }
        },
        {
          "name": "Site-B: Direct Sequence Generation",
          "request": {
            "method": "GET",
            "header": [],
            "url": {
              "raw": "http://localhost:8084/api/v1/sequence/next?siteId=US-WEST&partitionId=CORP-C&invoiceType=periodic&count=3",
              "protocol": "http",
              "host": ["localhost"],
              "port": "8084",
              "path": ["api", "v1", "sequence", "next"],
              "query": [
                {
                  "key": "siteId",
                  "value": "US-WEST"
                },
                {
                  "key": "partitionId",
                  "value": "CORP-C"
                },
                {
                  "key": "invoiceType",
                  "value": "periodic"
                },
                {
                  "key": "count",
                  "value": "3"
                }
              ]
            }
          }
        },
        {
          "name": "Site-A: Direct Suppressed Generation",
          "request": {
            "method": "GET",
            "header": [],
            "url": {
              "raw": "http://localhost:8083/api/v1/sequence/next?siteId=US-EAST&partitionId=CORP-A&invoiceType=suppressed&count=2",
              "protocol": "http",
              "host": ["localhost"],
              "port": "8083",
              "path": ["api", "v1", "sequence", "next"],
              "query": [
                {
                  "key": "siteId",
                  "value": "US-EAST"
                },
                {
                  "key": "partitionId",
                  "value": "CORP-A"
                },
                {
                  "key": "invoiceType",
                  "value": "suppressed"
                },
                {
                  "key": "count",
                  "value": "2"
                }
              ]
            }
          }
        }
      ]
    },
    {
      "name": "8. Quick Test Endpoints",
      "item": [
        {
          "name": "Site-A: Quick Test (5 Periodic)",
          "request": {
            "method": "POST",
            "header": [],
            "url": {
              "raw": "http://localhost:8081/api/test/CORP-A/5?invoiceType=periodic",
              "protocol": "http",
              "host": ["localhost"],
              "port": "8081",
              "path": ["api", "test", "CORP-A", "5"],
              "query": [
                {
                  "key": "invoiceType",
                  "value": "periodic"
                }
              ]
            }
          }
        },
        {
          "name": "Site-B: Quick Test (3 OnDemand)",
          "request": {
            "method": "POST",
            "header": [],
            "url": {
              "raw": "http://localhost:8082/api/test/CORP-C/3?invoiceType=onDemand",
              "protocol": "http",
              "host": ["localhost"],
              "port": "8082",
              "path": ["api", "test", "CORP-C", "3"],
              "query": [
                {
                  "key": "invoiceType",
                  "value": "onDemand"
                }
              ]
            }
          }
        }
      ]
    },
    {
      "name": "9. Load Testing",
      "item": [
        {
          "name": "Site-A: High Volume (20 invoices)",
          "request": {
            "method": "POST",
            "header": [
              {
                "key": "Content-Type",
                "value": "application/json"
              }
            ],
            "body": {
              "mode": "raw",
              "raw": "{\n  \"partitionId\": \"CORP-A\",\n  \"count\": 20,\n  \"invoiceType\": \"periodic\",\n  \"customerType\": \"STANDARD\"\n}"
            },
            "url": {
              "raw": "http://localhost:8081/api/generate-invoices",
              "protocol": "http",
              "host": ["localhost"],
              "port": "8081",
              "path": ["api", "generate-invoices"]
            }
          }
        },
        {
          "name": "Site-B: High Volume (20 invoices)",
          "request": {
            "method": "POST",
            "header": [
              {
                "key": "Content-Type",
                "value": "application/json"
              }
            ],
            "body": {
              "mode": "raw",
              "raw": "{\n  \"partitionId\": \"CORP-C\",\n  \"count\": 20,\n  \"invoiceType\": \"periodic\",\n  \"customerType\": \"STANDARD\"\n}"
            },
            "url": {
              "raw": "http://localhost:8082/api/generate-invoices",
              "protocol": "http",
              "host": ["localhost"],
              "port": "8082",
              "path": ["api", "generate-invoices"]
            }
          }
        }
      ]
    },
    {
      "name": "10. Complex Scenarios",
      "item": [
        {
          "name": "Scenario: 5 Suppressed + 3 Periodic + 1 Suppressed + 3 OnDemand",
          "item": [
            {
              "name": "Step 1: 5 Suppressed (Site-A)",
              "request": {
                "method": "POST",
                "header": [{"key": "Content-Type", "value": "application/json"}],
                "body": {
                  "mode": "raw",
                  "raw": "{\"partitionId\": \"CORP-A\", \"count\": 5, \"invoiceType\": \"suppressed\", \"customerType\": \"STANDARD\"}"
                },
                "url": {
                  "raw": "http://localhost:8081/api/generate-invoices",
                  "protocol": "http",
                  "host": ["localhost"],
                  "port": "8081",
                  "path": ["api", "generate-invoices"]
                }
              }
            },
            {
              "name": "Step 2: 3 Periodic (Site-B)",
              "request": {
                "method": "POST",
                "header": [{"key": "Content-Type", "value": "application/json"}],
                "body": {
                  "mode": "raw",
                  "raw": "{\"partitionId\": \"CORP-C\", \"count\": 3, \"invoiceType\": \"periodic\", \"customerType\": \"STANDARD\"}"
                },
                "url": {
                  "raw": "http://localhost:8082/api/generate-invoices",
                  "protocol": "http",
                  "host": ["localhost"],
                  "port": "8082",
                  "path": ["api", "generate-invoices"]
                }
              }
            },
            {
              "name": "Step 3: 1 Suppressed (Site-A)",
              "request": {
                "method": "POST",
                "header": [{"key": "Content-Type", "value": "application/json"}],
                "body": {
                  "mode": "raw",
                  "raw": "{\"partitionId\": \"CORP-B\", \"count\": 1, \"invoiceType\": \"suppressed\", \"customerType\": \"STANDARD\"}"
                },
                "url": {
                  "raw": "http://localhost:8081/api/generate-invoices",
                  "protocol": "http",
                  "host": ["localhost"],
                  "port": "8081",
                  "path": ["api", "generate-invoices"]
                }
              }
            },
            {
              "name": "Step 4: 3 OnDemand (Site-B)",
              "request": {
                "method": "POST",
                "header": [{"key": "Content-Type", "value": "application/json"}],
                "body": {
                  "mode": "raw",
                  "raw": "{\"partitionId\": \"CORP-D\", \"count\": 3, \"invoiceType\": \"onDemand\", \"customerType\": \"PREMIUM\"}"
                },
                "url": {
                  "raw": "http://localhost:8082/api/generate-invoices",
                  "protocol": "http",
                  "host": ["localhost"],
                  "port": "8082",
                  "path": ["api", "generate-invoices"]
                }
              }
            },
            {
              "name": "Step 5: Check Global Counter",
              "request": {
                "method": "GET",
                "header": [],
                "url": {
                  "raw": "http://localhost:8080/api/dashboard/counters",
                  "protocol": "http",
                  "host": ["localhost"],
                  "port": "8080",
                  "path": ["api", "dashboard", "counters"]
                }
              }
            }
          ]
        }
      ]
    }
  ],
  "variable": [
    {
      "key": "baseUrl",
      "value": "http://localhost",
      "type": "string"
    },
    {
      "key": "dashboardPort",
      "value": "8080",
      "type": "string"
    },
    {
      "key": "siteAFormatterPort",
      "value": "8081",
      "type": "string"
    },
    {
      "key": "siteBFormatterPort",
      "value": "8082",
      "type": "string"
    },
    {
      "key": "siteASequencePort",
      "value": "8083",
      "type": "string"
    },
    {
      "key": "siteBSequencePort",
      "value": "8084",
      "type": "string"
    }
  ]
}